#3.1 Phillip Lim|http://cn.shopbop.com/31-phillip-lim/br/v=1/10375.htm
#360 SWEATER|http://cn.shopbop.com/360-sweater/br/v=1/13999.htm
#3x1|http://cn.shopbop.com/3x1/br/v=1/18935.htm
#525 America|http://cn.shopbop.com/525-america/br/v=1/21182.htm
#6 Shore Road by Pooja|http://cn.shopbop.com/shore-road-pooja/br/v=1/12124.htm
#6397|http://cn.shopbop.com/6397/br/v=1/20466.htm
#7 For All Mankind|http://cn.shopbop.com/all-mankind/br/v=1/3492.htm
#9seed|http://cn.shopbop.com/9seed/br/v=1/18127.htm
#A Fine Line|http://cn.shopbop.com/fine-line/br/v=1/18718.htm
#A.L.C.|http://cn.shopbop.com/alc/br/v=1/7825.htm
#A.P.C.|http://cn.shopbop.com/apc/br/v=1/12827.htm
#A.W.A.K.E.|http://cn.shopbop.com/awake/br/v=1/50149.htm
#Aaryah|http://cn.shopbop.com/aaryah/br/v=1/51548.htm
#Ace of Something|http://cn.shopbop.com/ace-something/br/v=1/46342.htm
#ace&jig|http://cn.shopbop.com/acejig/br/v=1/18249.htm
#Acler|http://cn.shopbop.com/acler/br/v=1/49664.htm
#Acne Studios|http://cn.shopbop.com/acne-studios/br/v=1/24485.htm
#Adam Lippes|http://cn.shopbop.com/adam-lippes/br/v=1/51544.htm
#Adam Selman|http://cn.shopbop.com/adam-selman/br/v=1/50437.htm
#Add Down|http://cn.shopbop.com/add-down/br/v=1/4988.htm
#Adia Kibur|http://cn.shopbop.com/adia-kibur/br/v=1/8950.htm
#Adidas|http://cn.shopbop.com/adidas/br/v=1/38163.htm
#adidas by Stella McCartney|http://cn.shopbop.com/adidas-stella-mccartney/br/v=1/21042.htm
#adidas Originals by Alexander Wang|http://cn.shopbop.com/adidas-originals-alexander-wang/br/v=1/50851.htm
#Adina Reyter|http://cn.shopbop.com/adina-reyter/br/v=1/56.htm
#After Market|http://cn.shopbop.com/after-market/br/v=1/50249.htm
#AG|http://cn.shopbop.com/designer-index/br/v=1/60.htm
#AGOLDE|http://cn.shopbop.com/agolde/br/v=1/22839.htm
#ALALA|http://cn.shopbop.com/alala/br/v=1/50933.htm
#Alameda Turquesa|http://cn.shopbop.com/alameda-turquesa/br/v=1/48090.htm
#Alessandra Mackenzie|http://cn.shopbop.com/alessandra-mackenzie/br/v=1/47461.htm
#Alex Perry|http://cn.shopbop.com/alex-perry/br/v=1/23502.htm
#Alexa Wagner|http://cn.shopbop.com/alexa-wagner/br/v=1/39007.htm
#Alexander McQueen|http://cn.shopbop.com/alexander-mcqueen/br/v=1/47581.htm
#Alexander Wang|http://cn.shopbop.com/alexander-wang/br/v=1/172.htm
#Alexandre de Paris|http://cn.shopbop.com/alexandre-paris/br/v=1/45481.htm
#Alexis|http://cn.shopbop.com/alexis/br/v=1/39050.htm
#Alexis Bittar|http://cn.shopbop.com/alexis-bittar/br/v=1/8575.htm
#Ali & Jay|http://cn.shopbop.com/ali-jay/br/v=1/47369.htm
#alice + olivia|http://cn.shopbop.com/alice-olivia/br/v=1/90.htm
#Alice McCall|http://cn.shopbop.com/alice-mccall/br/v=1/33761.htm
#Alix|http://cn.shopbop.com/alix/br/v=1/34187.htm
#All Things Mochi|http://cn.shopbop.com/all-things-mochi/br/v=1/46869.htm
#Alpha Industries|http://cn.shopbop.com/alpha-industries/br/v=1/51703.htm
#Amanda Uprichard|http://cn.shopbop.com/amanda-uprichard/br/v=1/25029.htm
#Amber Sceats|http://cn.shopbop.com/amber-sceats/br/v=1/32158.htm
#Amelia Toro|http://cn.shopbop.com/amelia-toro/br/v=1/49569.htm
#AMKIE|http://cn.shopbop.com/amkie/br/v=1/51864.htm
#AMO|http://cn.shopbop.com/amo/br/v=1/39674.htm
#Ancient Greek Sandals|http://cn.shopbop.com/ancient-greek-sandals/br/v=1/12194.htm
#ANINE BING|http://cn.shopbop.com/anine-bing/br/v=1/19159.htm
#Anna Kosturova|http://cn.shopbop.com/anna-kosturova/br/v=1/47469.htm
#Anna October|http://cn.shopbop.com/anna-october/br/v=1/50208.htm
#Anna Sui|http://cn.shopbop.com/anna-sui/br/v=1/4902.htm
#Annabel Ingall|http://cn.shopbop.com/annabel-ingall/br/v=1/17743.htm
#ANNDRA NEEN|http://cn.shopbop.com/anndra-neen/br/v=1/11422.htm
#Anne Marie Herckes|http://cn.shopbop.com/anne-marie-herckes/br/v=1/50709.htm
#Antik Batik|http://cn.shopbop.com/antik-batik/br/v=1/5561.htm
#Antonello|http://cn.shopbop.com/antonello/br/v=1/33683.htm
#Antonio Berardi|http://cn.shopbop.com/antonio-berardi/br/v=1/38303.htm
#Anya Hindmarch|http://cn.shopbop.com/anya-hindmarch/br/v=1/7121.htm
#Apiece Apart|http://cn.shopbop.com/apiece-apart/br/v=1/27384.htm
#APL: Athletic Propulsion Labs|http://cn.shopbop.com/apl-athletic-propulsion-labs/br/v=1/40824.htm
#AQ/AQ|http://cn.shopbop.com/designer-index/br/v=1/21614.htm
#Aquazzura|http://cn.shopbop.com/aquazzura/br/v=1/20167.htm
#Araks|http://cn.shopbop.com/araks/br/v=1/34042.htm
#Ariel Gordon Jewelry|http://cn.shopbop.com/ariel-gordon-jewelry/br/v=1/24287.htm
#Aries|http://cn.shopbop.com/aries/br/v=1/49155.htm
#Army By Yves Salomon|http://cn.shopbop.com/army-yves-salomon/br/v=1/49282.htm
#Artesano|http://cn.shopbop.com/artesano/br/v=1/47084.htm
#ASCENO|http://cn.shopbop.com/asceno/br/v=1/51739.htm
#Ash|http://cn.shopbop.com/ash/br/v=1/4733.htm
#ASHISH|http://cn.shopbop.com/ashish/br/v=1/49139.htm
#ashlyn'd|http://cn.shopbop.com/ashlynd/br/v=1/49504.htm
#Athena Procopiou|http://cn.shopbop.com/athena-procopiou/br/v=1/18320.htm
#ATM Anthony Thomas Melillo|http://cn.shopbop.com/atm-anthony-thomas-melillo/br/v=1/25564.htm
#Aurelie Bidermann|http://cn.shopbop.com/aurelie-bidermann/br/v=1/47321.htm
#Aurelie Bidermann Fine Jewelry|http://cn.shopbop.com/aurelie-bidermann-fine-jewelry/br/v=1/46601.htm
#Autumn Cashmere|http://cn.shopbop.com/autumn-cashmere/br/v=1/41388.htm
#AYR|http://cn.shopbop.com/ayr/br/v=1/32376.htm
#B&O PLAY|http://cn.shopbop.com/bo-play/br/v=1/49714.htm
#B-Low The Belt|http://cn.shopbop.com/low-belt/br/v=1/8718.htm
#B. Belt|http://cn.shopbop.com/belt/br/v=1/41262.htm
#Badgley Mischka|http://cn.shopbop.com/badgley-mischka/br/v=1/11406.htm
#Badgley Mischka Collection|http://cn.shopbop.com/badgley-mischka-collection/br/v=1/12159.htm
#Bag-all|http://cn.shopbop.com/bag-all/br/v=1/38200.htm
#BAGGU|http://cn.shopbop.com/baggu/br/v=1/30825.htm
#Bailey44|http://cn.shopbop.com/bailey44/br/v=1/21506.htm
#Baja East|http://cn.shopbop.com/baja-east/br/v=1/48389.htm
#Baldwin Denim|http://cn.shopbop.com/baldwin-denim/br/v=1/18654.htm
#ban.do|http://cn.shopbop.com/bando/br/v=1/11008.htm
#Banjanan|http://cn.shopbop.com/banjanan/br/v=1/42994.htm
#Banjo & Matilda|http://cn.shopbop.com/banjo-matilda/br/v=1/18424.htm
#Banner Day|http://cn.shopbop.com/banner-day/br/v=1/48460.htm
#Barbara Bui|http://cn.shopbop.com/barbara-bui/br/v=1/7167.htm
#Barber|http://cn.shopbop.com/barber/br/v=1/35501.htm
#Basta Surf|http://cn.shopbop.com/basta-surf/br/v=1/8988.htm
#BAUM UND PFERDGARTEN|http://cn.shopbop.com/baum-und-pferdgarten/br/v=1/51763.htm
#BB Dakota|http://cn.shopbop.com/dakota/br/v=1/8480.htm
#BCBGMAXAZRIA|http://cn.shopbop.com/bcbgmaxazria/br/v=1/7499.htm
#Beach Riot|http://cn.shopbop.com/beach-riot/br/v=1/18053.htm
#Bec & Bridge|http://cn.shopbop.com/bec-bridge/br/v=1/10294.htm
#beek|http://cn.shopbop.com/beek/br/v=1/47232.htm
#Bell|http://cn.shopbop.com/bell/br/v=1/51725.htm
#Bella Dahl|http://cn.shopbop.com/bella-dahl/br/v=1/21201.htm
#Bella Freud|http://cn.shopbop.com/bella-freud/br/v=1/39461.htm
#Belstaff|http://cn.shopbop.com/belstaff/br/v=1/30106.htm
#Ben-Amun|http://cn.shopbop.com/ben-amun/br/v=1/18524.htm
#Bensimon|http://cn.shopbop.com/bensimon/br/v=1/7495.htm
#Beth Richards|http://cn.shopbop.com/beth-richards/br/v=1/18909.htm
#Beyond Yoga|http://cn.shopbop.com/beyond-yoga/br/v=1/37625.htm
#Bindya|http://cn.shopbop.com/bindya/br/v=1/35425.htm
#Birds of Paradis|http://cn.shopbop.com/birds-paradis/br/v=1/51378.htm
#Biren & Co.|http://cn.shopbop.com/biren-co/br/v=1/49350.htm
#bkr|http://cn.shopbop.com/bkr/br/v=1/51019.htm
#Black Halo|http://cn.shopbop.com/black-halo/br/v=1/6190.htm
#blanca monros gomez|http://cn.shopbop.com/blanca-monros-gomez/br/v=1/19426.htm
#blank canvas|http://cn.shopbop.com/blank-canvas/br/v=1/47925.htm
#Blank Denim|http://cn.shopbop.com/blank-denim/br/v=1/7763.htm
#Blaque Label|http://cn.shopbop.com/blaque-label/br/v=1/12967.htm
#BLK DNM|http://cn.shopbop.com/blk-dnm/br/v=1/12233.htm
#Blossom Box|http://cn.shopbop.com/blossom-box/br/v=1/26788.htm
#BLUE BOHEME|http://cn.shopbop.com/blue-boheme/br/v=1/47773.htm
#Blue Life|http://cn.shopbop.com/blue-life/br/v=1/6070.htm
#bobi|http://cn.shopbop.com/bobi/br/v=1/46827.htm
#Books with Style|http://cn.shopbop.com/books-style/br/v=1/10654.htm
#Botkier|http://cn.shopbop.com/botkier/br/v=1/298.htm
#Boutique Moschino|http://cn.shopbop.com/boutique-moschino/br/v=1/38544.htm
#Brandon Maxwell|http://cn.shopbop.com/brandon-maxwell/br/v=1/49909.htm
#Bring It Up|http://cn.shopbop.com/bring/br/v=1/44541.htm
#Bristols 6|http://cn.shopbop.com/bristols/br/v=1/17988.htm
#Brixton|http://cn.shopbop.com/brixton/br/v=1/40589.htm
#Brochu Walker|http://cn.shopbop.com/brochu-walker/br/v=1/6368.htm
#Bronzallure|http://cn.shopbop.com/bronzallure/br/v=1/45824.htm
#Building Block|http://cn.shopbop.com/building-block/br/v=1/37243.htm
#By Lilla|http://cn.shopbop.com/lilla/br/v=1/49768.htm
#By Malene Birger|http://cn.shopbop.com/malene-birger/br/v=1/9662.htm
#C/Meo Collective|http://cn.shopbop.com/meo-collective/br/v=1/36531.htm
#Caeden|http://cn.shopbop.com/caeden/br/v=1/49487.htm
#Calvin Klein Underwear|http://cn.shopbop.com/calvin-klein-underwear/br/v=1/8504.htm
#Cambridge Satchel|http://cn.shopbop.com/cambridge-satchel/br/v=1/12004.htm
#CAMI NYC|http://cn.shopbop.com/cami-nyc/br/v=1/50455.htm
#Camilla|http://cn.shopbop.com/camilla/br/v=1/12162.htm
#Canada Goose|http://cn.shopbop.com/canada-goose/br/v=1/21484.htm
#Capulet|http://cn.shopbop.com/capulet/br/v=1/35922.htm
#Carla Carstens|http://cn.shopbop.com/carla-carstens/br/v=1/49492.htm
#Carmelinas|http://cn.shopbop.com/carmelinas/br/v=1/50995.htm
#Caroline Constas|http://cn.shopbop.com/caroline-constas/br/v=1/36123.htm
#Carrie'd NYC|http://cn.shopbop.com/carried-nyc/br/v=1/50679.htm
#Carven|http://cn.shopbop.com/carven/br/v=1/17927.htm
#Casadei|http://cn.shopbop.com/casadei/br/v=1/20711.htm
#Castaner|http://cn.shopbop.com/castaner/br/v=1/50380.htm
#Catherine Deane|http://cn.shopbop.com/catherine-deane/br/v=1/10004.htm
#Cedric Charlier|http://cn.shopbop.com/cedric-charlier/br/v=1/20002.htm
#Champion Premium Reverse Weave|http://cn.shopbop.com/champion-premium-reverse-weave/br/v=1/50747.htm
#Chan Luu|http://cn.shopbop.com/chan-luu/br/v=1/10635.htm
#Charlotte Olympia|http://cn.shopbop.com/charlotte-olympia/br/v=1/44922.htm
#Charlotte Stone|http://cn.shopbop.com/charlotte-stone/br/v=1/30641.htm
#Chaser|http://cn.shopbop.com/chaser/br/v=1/11377.htm
#Chatelles|http://cn.shopbop.com/chatelles/br/v=1/50963.htm
#Cheap Monday|http://cn.shopbop.com/cheap-monday/br/v=1/8840.htm
#Cheek Frills|http://cn.shopbop.com/cheek-frills/br/v=1/13974.htm
#Chiara Ferragni|http://cn.shopbop.com/chiara-ferragni/br/v=1/33122.htm
#Chinti and Parker|http://cn.shopbop.com/chinti-parker/br/v=1/11674.htm
#Chloe Oliver|http://cn.shopbop.com/chloe-oliver/br/v=1/48405.htm
#Christophe Sauvat Collection|http://cn.shopbop.com/christophe-sauvat-collection/br/v=1/28271.htm
#Christopher Esber|http://cn.shopbop.com/christopher-esber/br/v=1/44026.htm
#CHRLDR|http://cn.shopbop.com/chrldr/br/v=1/26791.htm
#Cinq a Sept|http://cn.shopbop.com/cinq-sept/br/v=1/48499.htm
#Citizens of Humanity|http://cn.shopbop.com/citizens-humanity/br/v=1/493.htm
#Clare V.|http://cn.shopbop.com/clare/br/v=1/11988.htm
#CLAYTON|http://cn.shopbop.com/clayton/br/v=1/37601.htm
#Cleobella|http://cn.shopbop.com/cleobella/br/v=1/7340.htm
#Clo Intimo|http://cn.shopbop.com/clo-intimo/br/v=1/20727.htm
#Cloth and Steel|http://cn.shopbop.com/cloth-steel/br/v=1/50643.htm
#Cloverpost|http://cn.shopbop.com/cloverpost/br/v=1/43201.htm
#Clu|http://cn.shopbop.com/clu/br/v=1/528.htm
#Club Monaco|http://cn.shopbop.com/club-monaco/br/v=1/10148.htm
#CM Cia Maritima|http://cn.shopbop.com/cia-maritima/br/v=1/35864.htm
#Coclico Shoes|http://cn.shopbop.com/coclico-shoes/br/v=1/561.htm
#Cocobelle|http://cn.shopbop.com/cocobelle/br/v=1/569.htm
#Commando|http://cn.shopbop.com/commando/br/v=1/574.htm
#Converse|http://cn.shopbop.com/converse/br/v=1/28021.htm
#coolchange|http://cn.shopbop.com/coolchange/br/v=1/34241.htm
#Cooper & Ella|http://cn.shopbop.com/cooper-ella/br/v=1/23670.htm
#Corkcicle|http://cn.shopbop.com/corkcicle/br/v=1/51201.htm
#Corners4|http://cn.shopbop.com/corners4/br/v=1/30981.htm
#Cornetti|http://cn.shopbop.com/cornetti/br/v=1/47081.htm
#Cosabella|http://cn.shopbop.com/cosabella/br/v=1/585.htm
#Costarellos|http://cn.shopbop.com/costarellos/br/v=1/50459.htm
#Cotton Citizen|http://cn.shopbop.com/cotton-citizen/br/v=1/41187.htm
#Courreges|http://cn.shopbop.com/courreges/br/v=1/50846.htm
#Cover|http://cn.shopbop.com/cover/br/v=1/26241.htm
#Cuero & Mor|http://cn.shopbop.com/cuero-mor/br/v=1/47410.htm
#Cult Gaia|http://cn.shopbop.com/cult-gaia/br/v=1/50819.htm
#cupcakes and cashmere|http://cn.shopbop.com/cupcakes-cashmere/br/v=1/39010.htm
#Current/Elliott|http://cn.shopbop.com/current-elliott/br/v=1/6300.htm
#Cushnie Et Ochs|http://cn.shopbop.com/cushnie-ochs/br/v=1/11480.htm
#Cynthia Rowley|http://cn.shopbop.com/cynthia-rowley/br/v=1/593.htm
#Damselfly|http://cn.shopbop.com/damselfly/br/v=1/48522.htm
#Dana Rebecca|http://cn.shopbop.com/dana-rebecca/br/v=1/50751.htm
#Danielle Foster|http://cn.shopbop.com/danielle-foster/br/v=1/48644.htm
#DANNIJO|http://cn.shopbop.com/dannijo/br/v=1/7305.htm
#David Lerner|http://cn.shopbop.com/david-lerner/br/v=1/7538.htm
#Dear Frances|http://cn.shopbop.com/dear-frances/br/v=1/49084.htm
#Deborah Drattell|http://cn.shopbop.com/deborah-drattell/br/v=1/31481.htm
#Deepa Gurnani|http://cn.shopbop.com/deepa-gurnani/br/v=1/8211.htm
#Del Mar|http://cn.shopbop.com/del-mar/br/v=1/35064.htm
#Del Toro|http://cn.shopbop.com/del-toro/br/v=1/33941.htm
#DELFI Collective|http://cn.shopbop.com/delfi-collective/br/v=1/51370.htm
#DEMYLEE|http://cn.shopbop.com/demylee/br/v=1/24881.htm
#Denim x  Alexander Wang|http://cn.shopbop.com/denim-alexander-wang/br/v=1/38169.htm
#Derek Lam|http://cn.shopbop.com/derek-lam/br/v=1/6817.htm
#Derek Lam 10 Crosby|http://cn.shopbop.com/derek-lam-crosby/br/v=1/12027.htm
#Designers Remix|http://cn.shopbop.com/designers-remix/br/v=1/39665.htm
#Deux Lux|http://cn.shopbop.com/deux-lux/br/v=1/15602.htm
#Diane von Furstenberg|http://cn.shopbop.com/diane-von-furstenberg/br/v=1/769.htm
#Diemme|http://cn.shopbop.com/diemme/br/v=1/41310.htm
#Dion Lee|http://cn.shopbop.com/dion-lee/br/v=1/11956.htm
#DITA|http://cn.shopbop.com/dita/br/v=1/830.htm
#DKNY|http://cn.shopbop.com/dkny/br/v=1/4993.htm
#DL1961|http://cn.shopbop.com/dl1961/br/v=1/8473.htm
#DODO BAR OR|http://cn.shopbop.com/dodo-bar/br/v=1/44441.htm
#Dolce & Gabbana|http://cn.shopbop.com/dolce-gabbana/br/v=1/50156.htm
#Dolce Vita|http://cn.shopbop.com/dolce-vita/br/v=1/859.htm
#Donna Karan New York|http://cn.shopbop.com/donna-karan-new-york/br/v=1/14081.htm
#Dorateymur|http://cn.shopbop.com/dorateymur/br/v=1/48910.htm
#Doughnut|http://cn.shopbop.com/doughnut/br/v=1/48803.htm
#dRa|http://cn.shopbop.com/dra/br/v=1/20716.htm
#DSQUARED2|http://cn.shopbop.com/dsquared2/br/v=1/7926.htm
#Duskii|http://cn.shopbop.com/duskii/br/v=1/42213.htm
#Eberjey|http://cn.shopbop.com/eberjey/br/v=1/896.htm
#Eddie Borgo|http://cn.shopbop.com/eddie-borgo/br/v=1/46381.htm
#Edie Parker|http://cn.shopbop.com/edie-parker/br/v=1/42941.htm
#EDIT|http://cn.shopbop.com/edit/br/v=1/41512.htm
#Edition10|http://cn.shopbop.com/edition10/br/v=1/46322.htm
#EDUN|http://cn.shopbop.com/edun/br/v=1/36144.htm
#EF Collection|http://cn.shopbop.com/collection/br/v=1/24844.htm
#Ela Rae|http://cn.shopbop.com/ela-rae/br/v=1/27263.htm
#ElevenParis|http://cn.shopbop.com/elevenparis/br/v=1/27726.htm
#Elina Linardaki|http://cn.shopbop.com/elina-linardaki/br/v=1/43739.htm
Elizabeth and James|http://cn.shopbop.com/elizabeth-james/br/v=1/5716.htm
Elizabeth Cole|http://cn.shopbop.com/elizabeth-cole/br/v=1/20124.htm
Ella Moon|http://cn.shopbop.com/ella-moon/br/v=1/51916.htm
Ella Moss|http://cn.shopbop.com/ella-moss/br/v=1/932.htm
Elleme|http://cn.shopbop.com/elleme/br/v=1/50238.htm
Else Lingerie|http://cn.shopbop.com/else-lingerie/br/v=1/17692.htm
Emerson Road|http://cn.shopbop.com/emerson-road/br/v=1/43641.htm
Emerson Thorpe|http://cn.shopbop.com/emerson-thorpe/br/v=1/24441.htm
Emilio Cavallini|http://cn.shopbop.com/emilio-cavallini/br/v=1/51535.htm
Emma Pake|http://cn.shopbop.com/emma-pake/br/v=1/51463.htm
En Shalla|http://cn.shopbop.com/shalla/br/v=1/48000.htm
endless rose|http://cn.shopbop.com/endless-rose/br/v=1/24324.htm
ENGLISH FACTORY|http://cn.shopbop.com/english-factory/br/v=1/35005.htm
Enza Costa|http://cn.shopbop.com/enza-costa/br/v=1/9242.htm
Equipment|http://cn.shopbop.com/equipment/br/v=1/8886.htm
Erickson Beamon|http://cn.shopbop.com/erickson-beamon/br/v=1/47972.htm
Essentiel Antwerp|http://cn.shopbop.com/essentiel-antwerp/br/v=1/41670.htm
Esteban Cortazar|http://cn.shopbop.com/esteban-cortazar/br/v=1/50389.htm
Estemporanea|http://cn.shopbop.com/estemporanea/br/v=1/50051.htm
Etienne Marcel|http://cn.shopbop.com/etienne-marcel/br/v=1/20161.htm
Etre Cecile|http://cn.shopbop.com/etre-cecile/br/v=1/19542.htm
Eugenia Kim|http://cn.shopbop.com/eugenia-kim/br/v=1/977.htm
EVIDNT|http://cn.shopbop.com/evidnt/br/v=1/51721.htm
Eytys|http://cn.shopbop.com/eytys/br/v=1/40725.htm
Faith Connexion|http://cn.shopbop.com/faith-connexion/br/v=1/12675.htm
FAITHFULL THE BRAND|http://cn.shopbop.com/faithfull-brand/br/v=1/31364.htm
Falke|http://cn.shopbop.com/falke/br/v=1/6252.htm
Fame and Partners|http://cn.shopbop.com/fame-partners/br/v=1/49517.htm
Fashion Forms|http://cn.shopbop.com/fashion-forms/br/v=1/49042.htm
Father's Daughter|http://cn.shopbop.com/fathers-daughter/br/v=1/50307.htm
Feel The Piece|http://cn.shopbop.com/feel-piece/br/v=1/9308.htm
FELLA|http://cn.shopbop.com/fella/br/v=1/49877.htm
Felony Case|http://cn.shopbop.com/felony-case/br/v=1/50193.htm
Fendi|http://cn.shopbop.com/fendi/br/v=1/34622.htm
Figue|http://cn.shopbop.com/figue/br/v=1/39949.htm
findersKEEPERS|http://cn.shopbop.com/finderskeepers/br/v=1/11968.htm
Fjallraven|http://cn.shopbop.com/fjallraven/br/v=1/20105.htm
Flagpole|http://cn.shopbop.com/flagpole/br/v=1/49639.htm
Fleur du Mal|http://cn.shopbop.com/fleur-mal/br/v=1/20102.htm
Fleur't|http://cn.shopbop.com/fleurt/br/v=1/8550.htm
Flight 001|http://cn.shopbop.com/flight-001/br/v=1/19353.htm
Flynn|http://cn.shopbop.com/flynn/br/v=1/46837.htm
Flynn Skye|http://cn.shopbop.com/flynn-skye/br/v=1/18701.htm
Foley + Corinna|http://cn.shopbop.com/foley-corinna/br/v=1/1044.htm
Foot Petals|http://cn.shopbop.com/foot-petals/br/v=1/20709.htm
For Love & Lemons|http://cn.shopbop.com/love-lemons/br/v=1/21746.htm
FRAME|http://cn.shopbop.com/frame/br/v=1/18387.htm
Frances Valentine|http://cn.shopbop.com/frances-valentine/br/v=1/46648.htm
Franco Ferrari|http://cn.shopbop.com/franco-ferrari/br/v=1/20570.htm
Frank & Eileen|http://cn.shopbop.com/frank-eileen/br/v=1/9892.htm
Fred and Sibel|http://cn.shopbop.com/fred-sibel/br/v=1/50356.htm
Freda Salvador|http://cn.shopbop.com/freda-salvador/br/v=1/12896.htm
Free People|http://cn.shopbop.com/free-people/br/v=1/5902.htm
FREEBIRD by Steven|http://cn.shopbop.com/freebird-steven/br/v=1/12715.htm
FREECITY|http://cn.shopbop.com/freecity/br/v=1/8043.htm
Frye|http://cn.shopbop.com/frye/br/v=1/1077.htm
Furla|http://cn.shopbop.com/furla/br/v=1/26803.htm
Future Glory Co.|http://cn.shopbop.com/future-glory-co/br/v=1/50014.htm
Fuzzi|http://cn.shopbop.com/fuzzi/br/v=1/39001.htm
G-Loves|http://cn.shopbop.com/loves/br/v=1/47988.htm
Gabriela Artigas|http://cn.shopbop.com/gabriela-artigas/br/v=1/14007.htm
Galvan London|http://cn.shopbop.com/galvan-london/br/v=1/51329.htm
Ganni|http://cn.shopbop.com/ganni/br/v=1/36304.htm
Gareth Pugh|http://cn.shopbop.com/gareth-pugh/br/v=1/22161.htm
GARRETT LEIGHT|http://cn.shopbop.com/garrett-leight/br/v=1/19902.htm
GAS Bijoux|http://cn.shopbop.com/gas-bijoux/br/v=1/39041.htm
Gedebe|http://cn.shopbop.com/gedebe/br/v=1/34608.htm
Generation Love|http://cn.shopbop.com/generation-love/br/v=1/17935.htm
Georgia Alice|http://cn.shopbop.com/georgia-alice/br/v=1/42930.htm
Georgia Perry|http://cn.shopbop.com/georgia-perry/br/v=1/43601.htm
GETTING BACK TO SQUARE ONE|http://cn.shopbop.com/getting-back-square-one/br/v=1/23345.htm
Giada Forte|http://cn.shopbop.com/giada-forte/br/v=1/31261.htm
Giambattista Valli|http://cn.shopbop.com/giambattista-valli/br/v=1/17794.htm
Giejo|http://cn.shopbop.com/giejo/br/v=1/13039.htm
Gift Boutique|http://cn.shopbop.com/gift-boutique/br/v=1/11981.htm
Gillian Steinhardt|http://cn.shopbop.com/gillian-steinhardt/br/v=1/50598.htm
Giselle|http://cn.shopbop.com/giselle/br/v=1/51183.htm
Giuseppe Zanotti|http://cn.shopbop.com/giuseppe-zanotti/br/v=1/7212.htm
Givenchy|http://cn.shopbop.com/givenchy/br/v=1/25024.htm
GLAMboxes|http://cn.shopbop.com/glamboxes/br/v=1/36493.htm
Glamorous|http://cn.shopbop.com/glamorous/br/v=1/20182.htm
GOEN.J|http://cn.shopbop.com/goenj/br/v=1/46767.htm
Golden Goose|http://cn.shopbop.com/golden-goose/br/v=1/5474.htm
GOLDSIGN|http://cn.shopbop.com/goldsign/br/v=1/1272.htm
Gorjana|http://cn.shopbop.com/gorjana/br/v=1/1283.htm
GRACE ATELIER DE LUX|http://cn.shopbop.com/grace-atelier-lux/br/v=1/47536.htm
Gray Malin|http://cn.shopbop.com/gray-malin/br/v=1/37824.htm
Grenson|http://cn.shopbop.com/grenson/br/v=1/31906.htm
Grey Ant|http://cn.shopbop.com/grey-ant/br/v=1/1305.htm
Grey Jason Wu|http://cn.shopbop.com/grey-jason/br/v=1/48509.htm
Gucci|http://cn.shopbop.com/gucci/br/v=1/10798.htm
Hadid Eyewear|http://cn.shopbop.com/hadid-eyewear/br/v=1/50282.htm
Haerfest|http://cn.shopbop.com/haerfest/br/v=1/48676.htm
Halston Heritage|http://cn.shopbop.com/halston-heritage/br/v=1/8905.htm
HANEY|http://cn.shopbop.com/haney/br/v=1/49590.htm
Hanky Panky|http://cn.shopbop.com/hanky-panky/br/v=1/1426.htm
Happiness|http://cn.shopbop.com/happiness/br/v=1/17939.htm
Harris Wharf London|http://cn.shopbop.com/harris-wharf-london/br/v=1/49354.htm
Harvey Faircloth|http://cn.shopbop.com/harvey-faircloth/br/v=1/12396.htm
Hat Attack|http://cn.shopbop.com/hat-attack/br/v=1/31767.htm
HATCH|http://cn.shopbop.com/hatch/br/v=1/13024.htm
Haute Hippie|http://cn.shopbop.com/haute-hippie/br/v=1/6533.htm
Havaianas|http://cn.shopbop.com/havaianas/br/v=1/1458.htm
Heidi Klein|http://cn.shopbop.com/heidi-klein/br/v=1/12445.htm
Heidi Klum|http://cn.shopbop.com/heidi-klum/br/v=1/35546.htm
Hellessy|http://cn.shopbop.com/hellessy/br/v=1/49773.htm
Hellolulu|http://cn.shopbop.com/hellolulu/br/v=1/50824.htm
Helmut Lang|http://cn.shopbop.com/helmut-lang/br/v=1/1499.htm
Hemant and Nandita|http://cn.shopbop.com/hemant-nandita/br/v=1/49856.htm
Heroine Sport|http://cn.shopbop.com/heroine-sport/br/v=1/31023.htm
Herschel Supply Co.|http://cn.shopbop.com/herschel-supply-co/br/v=1/21005.htm
Herve Leger|http://cn.shopbop.com/herve-leger/br/v=1/8375.htm
Hilfiger Collection|http://cn.shopbop.com/hilfiger-collection/br/v=1/49176.htm
Holly Dyment|http://cn.shopbop.com/holly-dyment/br/v=1/48166.htm
Holly Fulton|http://cn.shopbop.com/holly-fulton/br/v=1/48615.htm
Holst + Lee|http://cn.shopbop.com/holst-lee/br/v=1/12411.htm
Holy Caftan|http://cn.shopbop.com/holy-caftan/br/v=1/51216.htm
Honeydew Intimates|http://cn.shopbop.com/honeydew-intimates/br/v=1/6802.htm
hpe|http://cn.shopbop.com/hpe/br/v=1/47604.htm
Huda Al Nuaimi|http://cn.shopbop.com/huda-nuaimi/br/v=1/50524.htm
Hudson|http://cn.shopbop.com/hudson/br/v=1/1529.htm
Hudson London|http://cn.shopbop.com/hudson-london/br/v=1/9581.htm
Hunter Boots|http://cn.shopbop.com/hunter-boots/br/v=1/1541.htm
Hunza G|http://cn.shopbop.com/hunza/br/v=1/50783.htm
i.am+|http://cn.shopbop.com/iam/br/v=1/51623.htm
Illesteva|http://cn.shopbop.com/illesteva/br/v=1/38423.htm
Inge Christopher|http://cn.shopbop.com/inge-christopher/br/v=1/11214.htm
Ingrid & Isabel|http://cn.shopbop.com/ingrid-isabel/br/v=1/41285.htm
Intropia|http://cn.shopbop.com/intropia/br/v=1/47547.htm
Ipanema|http://cn.shopbop.com/ipanema/br/v=1/17678.htm
Iphoria|http://cn.shopbop.com/iphoria/br/v=1/38525.htm
IRO|http://cn.shopbop.com/iro/br/v=1/4927.htm
IRO.JEANS|http://cn.shopbop.com/irojeans/br/v=1/26026.htm
Isa Arfen|http://cn.shopbop.com/isa-arfen/br/v=1/50634.htm
Isa Tapia|http://cn.shopbop.com/isa-tapia/br/v=1/18070.htm
ISLA_CO|http://cn.shopbop.com/isla/br/v=1/49851.htm
Isolda|http://cn.shopbop.com/isolda/br/v=1/47472.htm
J Brand|http://cn.shopbop.com/brand/br/v=1/1597.htm
J. Mendel|http://cn.shopbop.com/mendel/br/v=1/12903.htm
J.O.A.|http://cn.shopbop.com/joa/br/v=1/26795.htm
Jacqueline Rose|http://cn.shopbop.com/jacqueline-rose/br/v=1/51197.htm
Jacquemus|http://cn.shopbop.com/jacquemus/br/v=1/27494.htm
Jacquie Aiche|http://cn.shopbop.com/jacquie-aiche/br/v=1/7670.htm
JADE Swim|http://cn.shopbop.com/jade-swim/br/v=1/49701.htm
JADEtribe|http://cn.shopbop.com/jadetribe/br/v=1/8418.htm
JAGGAR|http://cn.shopbop.com/jaggar/br/v=1/50702.htm
James Jeans|http://cn.shopbop.com/james-jeans/br/v=1/1584.htm
James Perse|http://cn.shopbop.com/james-perse/br/v=1/1898.htm
Janessa Leone|http://cn.shopbop.com/janessa-leone/br/v=1/27183.htm
Jason Wu|http://cn.shopbop.com/jason/br/v=1/17695.htm
Jeffrey Campbell|http://cn.shopbop.com/jeffrey-campbell/br/v=1/6734.htm
Jen's Pirate Booty|http://cn.shopbop.com/jens-pirate-booty/br/v=1/7679.htm
Jenni Kayne|http://cn.shopbop.com/jenni-kayne/br/v=1/51501.htm
Jennifer Behr|http://cn.shopbop.com/jennifer-behr/br/v=1/29921.htm
Jennifer Meyer Jewelry|http://cn.shopbop.com/jennifer-meyer-jewelry/br/v=1/7968.htm
Jennifer Zeuner Jewelry|http://cn.shopbop.com/jennifer-zeuner-jewelry/br/v=1/4455.htm
JENNY PARK|http://cn.shopbop.com/jenny-park/br/v=1/48995.htm
Jerome Dreyfuss|http://cn.shopbop.com/jerome-dreyfuss/br/v=1/1620.htm
Jill Jill Stuart|http://cn.shopbop.com/jill-stuart/br/v=1/22243.htm
Jill Stuart|http://cn.shopbop.com/jill-stuart/br/v=1/1645.htm
JN by JN LLOVET|http://cn.shopbop.com/llovet/br/v=1/48551.htm
Joanna August|http://cn.shopbop.com/joanna-august/br/v=1/11888.htm
Joanna Laura Constantine|http://cn.shopbop.com/joanna-laura-constantine/br/v=1/39210.htm
Jocelyn|http://cn.shopbop.com/jocelyn/br/v=1/22705.htm
Joe's Jeans|http://cn.shopbop.com/joes-jeans/br/v=1/1753.htm
Joie|http://cn.shopbop.com/joie/br/v=1/1792.htm
Jonathan Adler|http://cn.shopbop.com/jonathan-adler/br/v=1/11261.htm
Jonathan Simkhai|http://cn.shopbop.com/jonathan-simkhai/br/v=1/38847.htm
Joseph|http://cn.shopbop.com/joseph/br/v=1/8160.htm
Josh Goot|http://cn.shopbop.com/josh-goot/br/v=1/13011.htm
Joshua Sanders|http://cn.shopbop.com/joshua-sanders/br/v=1/49454.htm
JOUR/NE|http://cn.shopbop.com/jour/br/v=1/48585.htm
Juan Carlos Obando|http://cn.shopbop.com/juan-carlos-obando/br/v=1/49263.htm
Jules Smith|http://cn.shopbop.com/jules-smith/br/v=1/1997.htm
Julianna Bass|http://cn.shopbop.com/julianna-bass/br/v=1/49728.htm
June|http://cn.shopbop.com/june/br/v=1/21566.htm
Just Cavalli|http://cn.shopbop.com/just-cavalli/br/v=1/12166.htm
K. Jacques|http://cn.shopbop.com/jacques/br/v=1/2213.htm
KAANAS|http://cn.shopbop.com/kaanas/br/v=1/29801.htm
Kalda|http://cn.shopbop.com/kalda/br/v=1/50548.htm
KARA|http://cn.shopbop.com/kara/br/v=1/21120.htm
Karen Mabon|http://cn.shopbop.com/karen-mabon/br/v=1/51629.htm
Karen Walker|http://cn.shopbop.com/karen-walker/br/v=1/8182.htm
Karla Colletto|http://cn.shopbop.com/karla-colletto/br/v=1/13021.htm
Kate Spade New York|http://cn.shopbop.com/kate-spade-new-york/br/v=1/5143.htm
Katie May|http://cn.shopbop.com/katie-may/br/v=1/27455.htm
KAUFMANFRANCO|http://cn.shopbop.com/kaufmanfranco/br/v=1/20365.htm
Kayu|http://cn.shopbop.com/kayu/br/v=1/20434.htm
KC Designs|http://cn.shopbop.com/designs/br/v=1/42644.htm
Keepsake|http://cn.shopbop.com/keepsake/br/v=1/30906.htm
KENDALL + KYLIE|http://cn.shopbop.com/kendall-kylie/br/v=1/46022.htm
Kenneth Jay Lane|http://cn.shopbop.com/kenneth-jay-lane/br/v=1/2217.htm
KENZO|http://cn.shopbop.com/kenzo/br/v=1/35221.htm
Kiini|http://cn.shopbop.com/kiini/br/v=1/34325.htm
Kismet by Milka|http://cn.shopbop.com/kismet-milka/br/v=1/23507.htm
Kitsch|http://cn.shopbop.com/kitsch/br/v=1/47629.htm
KITX|http://cn.shopbop.com/kitx/br/v=1/47091.htm
Knot Sisters|http://cn.shopbop.com/knot-sisters/br/v=1/19641.htm
Kobi Halperin|http://cn.shopbop.com/kobi-halperin/br/v=1/42687.htm
Kochaii|http://cn.shopbop.com/kochaii/br/v=1/50875.htm
KOPPER & ZINK|http://cn.shopbop.com/kopper-zink/br/v=1/47064.htm
KORAL ACTIVEWEAR|http://cn.shopbop.com/koral-activewear/br/v=1/26882.htm
KORE SWIM|http://cn.shopbop.com/kore-swim/br/v=1/27952.htm
Ksenia Schnaider|http://cn.shopbop.com/ksenia-schnaider/br/v=1/51931.htm
Ksubi|http://cn.shopbop.com/ksubi/br/v=1/7599.htm
L'AGENCE|http://cn.shopbop.com/lagence/br/v=1/14113.htm
L'Agent by Agent Provocateur|http://cn.shopbop.com/lagent-agent-provocateur/br/v=1/21621.htm
L*Space|http://cn.shopbop.com/lspace/br/v=1/8511.htm
L.K. Bennett|http://cn.shopbop.com/lk-bennett/br/v=1/12452.htm
La Perla|http://cn.shopbop.com/perla/br/v=1/31627.htm
La Vie Boheme Yoga|http://cn.shopbop.com/vie-boheme-yoga/br/v=1/34201.htm
La Vie Rebecca Taylor|http://cn.shopbop.com/vie-rebecca-taylor/br/v=1/48657.htm
Lacey Ryan|http://cn.shopbop.com/lacey-ryan/br/v=1/18725.htm
LAFCO New York|http://cn.shopbop.com/lafco-new-york/br/v=1/49383.htm
Laidback London|http://cn.shopbop.com/laidback-london/br/v=1/28143.htm
Lanston|http://cn.shopbop.com/lanston/br/v=1/9729.htm
Larsson & Jennings|http://cn.shopbop.com/larsson-jennings/br/v=1/50073.htm
Las Bayadas|http://cn.shopbop.com/las-bayadas/br/v=1/48347.htm
LAVEER|http://cn.shopbop.com/laveer/br/v=1/13031.htm
LD Tuttle|http://cn.shopbop.com/tuttle/br/v=1/2401.htm
Le Specs|http://cn.shopbop.com/specs/br/v=1/37342.htm
LEHA|http://cn.shopbop.com/leha/br/v=1/51766.htm
Lela Rose|http://cn.shopbop.com/lela-rose/br/v=1/6880.htm
Lemlem|http://cn.shopbop.com/lemlem/br/v=1/14305.htm
Leo Studio Design|http://cn.shopbop.com/leo-studio-design/br/v=1/49121.htm
Les Coquines|http://cn.shopbop.com/les-coquines/br/v=1/24281.htm
les petits joueurs|http://cn.shopbop.com/les-petits-joueurs/br/v=1/37004.htm
LeSportsac|http://cn.shopbop.com/lesportsac/br/v=1/5858.htm
Leur Logette|http://cn.shopbop.com/leur-logette/br/v=1/20905.htm
Levi's|http://cn.shopbop.com/levis/br/v=1/11096.htm
Liana Clothing|http://cn.shopbop.com/liana-clothing/br/v=1/50721.htm
LIKELY|http://cn.shopbop.com/likely/br/v=1/46061.htm
Linda Farrow Luxe|http://cn.shopbop.com/linda-farrow-luxe/br/v=1/12156.htm
Line & Dot|http://cn.shopbop.com/line-dot/br/v=1/19070.htm
Lioness|http://cn.shopbop.com/lioness/br/v=1/48343.htm
Lisa Marie Fernandez|http://cn.shopbop.com/lisa-marie-fernandez/br/v=1/12100.htm
Little Liffner|http://cn.shopbop.com/little-liffner/br/v=1/49013.htm
Little White Lies|http://cn.shopbop.com/little-white-lies/br/v=1/47237.htm
LIV|http://cn.shopbop.com/liv/br/v=1/26925.htm
LIVE THE PROCESS|http://cn.shopbop.com/live-process/br/v=1/43861.htm
Lizzie Fortunato|http://cn.shopbop.com/lizzie-fortunato/br/v=1/8369.htm
LNA|http://cn.shopbop.com/lna/br/v=1/5963.htm
Loeffler Randall|http://cn.shopbop.com/loeffler-randall/br/v=1/2506.htm
Lolli|http://cn.shopbop.com/lolli/br/v=1/13968.htm
LOQ|http://cn.shopbop.com/loq/br/v=1/49298.htm
Loup|http://cn.shopbop.com/loup/br/v=1/27443.htm
Love Binetti|http://cn.shopbop.com/love-binetti/br/v=1/47934.htm
Love Sam|http://cn.shopbop.com/love-sam/br/v=1/18475.htm
LOVE Stories|http://cn.shopbop.com/love-stories/br/v=1/48821.htm
Love+Grace|http://cn.shopbop.com/lovegrace/br/v=1/30864.htm
Lover|http://cn.shopbop.com/lover/br/v=1/10123.htm
Lovers + Friends|http://cn.shopbop.com/lovers-friends/br/v=1/19086.htm
LOVESHACKFANCY|http://cn.shopbop.com/loveshackfancy/br/v=1/27604.htm
Loyd/Ford|http://cn.shopbop.com/loyd-ford/br/v=1/35001.htm
Lucas Hugh|http://cn.shopbop.com/lucas-hugh/br/v=1/27447.htm
Luli Fama|http://cn.shopbop.com/luli-fama/br/v=1/12275.htm
Lulu Frost|http://cn.shopbop.com/lulu-frost/br/v=1/6181.htm
LuMee|http://cn.shopbop.com/lumee/br/v=1/51024.htm
Luv Aj|http://cn.shopbop.com/luv/br/v=1/10020.htm
M Missoni|http://cn.shopbop.com/missoni/br/v=1/8080.htm
M.i.h Jeans|http://cn.shopbop.com/mih-jeans/br/v=1/1462.htm
M.PATMOS|http://cn.shopbop.com/mpatmos/br/v=1/14166.htm
Maaji|http://cn.shopbop.com/maaji/br/v=1/43721.htm
Mackage|http://cn.shopbop.com/mackage/br/v=1/8441.htm
Madewell|http://cn.shopbop.com/madewell/br/v=1/7425.htm
MADEWORN ROCK|http://cn.shopbop.com/madeworn-rock/br/v=1/38822.htm
Magda Butrym|http://cn.shopbop.com/magda-butrym/br/v=1/50607.htm
Maggie Marilyn|http://cn.shopbop.com/maggie-marilyn/br/v=1/51839.htm
Maha Lozi|http://cn.shopbop.com/maha-lozi/br/v=1/48534.htm
Maison du Soir|http://cn.shopbop.com/maison-soir/br/v=1/50705.htm
Maison Kitsune|http://cn.shopbop.com/maison-kitsune/br/v=1/31369.htm
Maison Labiche|http://cn.shopbop.com/maison-labiche/br/v=1/48921.htm
Maison Margiela|http://cn.shopbop.com/maison-margiela/br/v=1/9456.htm
Malone Souliers|http://cn.shopbop.com/malone-souliers/br/v=1/49826.htm
Manna|http://cn.shopbop.com/manna/br/v=1/51280.htm
MANU Atelier|http://cn.shopbop.com/manu-atelier/br/v=1/49946.htm
Mar Y Sol|http://cn.shopbop.com/mar-sol/br/v=1/7267.htm
Mara & Mine|http://cn.shopbop.com/mara-mine/br/v=1/51206.htm
Mara Hoffman|http://cn.shopbop.com/mara-hoffman/br/v=1/2606.htm
Marc Jacobs|http://cn.shopbop.com/marc-jacobs/br/v=1/45401.htm
Marchesa|http://cn.shopbop.com/marchesa/br/v=1/11345.htm
Marchesa Notte|http://cn.shopbop.com/marchesa-notte/br/v=1/10899.htm
Maria Lucia Hohan|http://cn.shopbop.com/maria-lucia-hohan/br/v=1/47861.htm
Marie Turnor Accessories|http://cn.shopbop.com/marie-turnor-accessories/br/v=1/14107.htm
Marion Parke|http://cn.shopbop.com/marion-parke/br/v=1/49695.htm
Marissa Webb|http://cn.shopbop.com/marissa-webb/br/v=1/29982.htm
Markus Lupfer|http://cn.shopbop.com/markus-lupfer/br/v=1/37702.htm
Marni|http://cn.shopbop.com/marni/br/v=1/38306.htm
Marques Almeida|http://cn.shopbop.com/marques-almeida/br/v=1/36281.htm
Marshall|http://cn.shopbop.com/marshall/br/v=1/50089.htm
Mary Katrantzou|http://cn.shopbop.com/mary-katrantzou/br/v=1/37101.htm
Maryam Nassir Zadeh|http://cn.shopbop.com/maryam-nassir-zadeh/br/v=1/49982.htm
Marysia Swim|http://cn.shopbop.com/marysia-swim/br/v=1/12384.htm
Master & Dynamic|http://cn.shopbop.com/master-dynamic/br/v=1/49956.htm
Matiko|http://cn.shopbop.com/matiko/br/v=1/12998.htm
MATIN|http://cn.shopbop.com/matin/br/v=1/43103.htm
Matt Bernson|http://cn.shopbop.com/matt-bernson/br/v=1/2719.htm
Matthew Williamson|http://cn.shopbop.com/matthew-williamson/br/v=1/11038.htm
Maven West|http://cn.shopbop.com/maven-west/br/v=1/45945.htm
Maya Magal|http://cn.shopbop.com/maya-magal/br/v=1/50233.htm
Mayra Fedane|http://cn.shopbop.com/mayra-fedane/br/v=1/49292.htm
McGuire Denim|http://cn.shopbop.com/mcguire-denim/br/v=1/24384.htm
MCM|http://cn.shopbop.com/mcm/br/v=1/22673.htm
McQ - Alexander McQueen|http://cn.shopbop.com/mcq-alexander-mcqueen/br/v=1/2750.htm
MDS Stripes|http://cn.shopbop.com/mds-stripes/br/v=1/43724.htm
MEESH|http://cn.shopbop.com/meesh/br/v=1/47865.htm
meli melo|http://cn.shopbop.com/meli-melo/br/v=1/24491.htm
Melissa|http://cn.shopbop.com/melissa/br/v=1/14188.htm
Melissa Odabash|http://cn.shopbop.com/melissa-odabash/br/v=1/5985.htm
Mercedes Salazar|http://cn.shopbop.com/mercedes-salazar/br/v=1/18930.htm
Mes Demoiselles|http://cn.shopbop.com/mes-demoiselles/br/v=1/12497.htm
Miansai|http://cn.shopbop.com/miansai/br/v=1/36490.htm
Michael Kors|http://cn.shopbop.com/michael-kors/br/v=1/8269.htm
Michael Kors Collection|http://cn.shopbop.com/michael-kors-collection/br/v=1/10505.htm
MICHAEL Michael Kors|http://cn.shopbop.com/michael-kors/br/v=1/26891.htm
Michaela Buerger|http://cn.shopbop.com/michaela-buerger/br/v=1/40985.htm
Michelle Mason|http://cn.shopbop.com/michelle-mason/br/v=1/6228.htm
MICHI|http://cn.shopbop.com/michi/br/v=1/15630.htm
Miguel Ases|http://cn.shopbop.com/miguel-ases/br/v=1/8801.htm
Miguelina|http://cn.shopbop.com/miguelina/br/v=1/12415.htm
Miista|http://cn.shopbop.com/miista/br/v=1/12378.htm
MIKOH|http://cn.shopbop.com/mikoh/br/v=1/10418.htm
MILA Furs|http://cn.shopbop.com/mila-furs/br/v=1/49925.htm
Milly|http://cn.shopbop.com/milly/br/v=1/2826.htm
MILMA|http://cn.shopbop.com/milma/br/v=1/50787.htm
Ministry of Style|http://cn.shopbop.com/ministry-style/br/v=1/47614.htm
MINKPINK|http://cn.shopbop.com/minkpink/br/v=1/7701.htm
Minna Parikka|http://cn.shopbop.com/minna-parikka/br/v=1/34113.htm
Mira Mikati|http://cn.shopbop.com/mira-mikati/br/v=1/36481.htm
MISA|http://cn.shopbop.com/misa/br/v=1/3792.htm
Mischa Lampert|http://cn.shopbop.com/mischa-lampert/br/v=1/2908.htm
Misha Collection|http://cn.shopbop.com/misha-collection/br/v=1/42042.htm
Missoni|http://cn.shopbop.com/missoni/br/v=1/6940.htm
Miu Miu|http://cn.shopbop.com/miu/br/v=1/40703.htm
MLM LABEL|http://cn.shopbop.com/mlm-label/br/v=1/31404.htm
MM6|http://cn.shopbop.com/mm6/br/v=1/8763.htm
Modern Weaving|http://cn.shopbop.com/modern-weaving/br/v=1/50621.htm
Monique Lhuillier|http://cn.shopbop.com/monique-lhuillier/br/v=1/19464.htm
Monique Lhuillier Bridesmaids|http://cn.shopbop.com/monique-lhuillier-bridesmaids/br/v=1/32324.htm
Monreal London|http://cn.shopbop.com/monreal-london/br/v=1/37363.htm
MONROW|http://cn.shopbop.com/monrow/br/v=1/4593.htm
Monse|http://cn.shopbop.com/monse/br/v=1/50079.htm
Moon River|http://cn.shopbop.com/moon-river/br/v=1/46064.htm
Morgan Lane|http://cn.shopbop.com/morgan-lane/br/v=1/24641.htm
Moschino|http://cn.shopbop.com/moschino/br/v=1/13965.htm
MOTHER|http://cn.shopbop.com/mother/br/v=1/10959.htm
Mother of Pearl|http://cn.shopbop.com/mother-pearl/br/v=1/22082.htm
MOUSSY|http://cn.shopbop.com/moussy/br/v=1/50618.htm
Mrs. President & Co.|http://cn.shopbop.com/mrs-president-co/br/v=1/26003.htm
MSGM|http://cn.shopbop.com/msgm/br/v=1/18796.htm
Mugler|http://cn.shopbop.com/mugler/br/v=1/18088.htm
Mystique|http://cn.shopbop.com/mystique/br/v=1/48256.htm
Naghedi|http://cn.shopbop.com/naghedi/br/v=1/47655.htm
Namrata Joshipura|http://cn.shopbop.com/namrata-joshipura/br/v=1/23667.htm
Nanette Lepore|http://cn.shopbop.com/nanette-lepore/br/v=1/5499.htm
Nannacay|http://cn.shopbop.com/nannacay/br/v=1/49831.htm
Narciso Rodriguez|http://cn.shopbop.com/narciso-rodriguez/br/v=1/34106.htm
Natasha Zinko|http://cn.shopbop.com/natasha-zinko/br/v=1/46831.htm
Native Gem|http://cn.shopbop.com/native-gem/br/v=1/47661.htm
Natori|http://cn.shopbop.com/natori/br/v=1/32629.htm
Needle & Thread|http://cn.shopbop.com/needle-thread/br/v=1/44583.htm
Newbark|http://cn.shopbop.com/newbark/br/v=1/35942.htm
Nice Martin|http://cn.shopbop.com/nice-martin/br/v=1/51274.htm
Nicholas|http://cn.shopbop.com/nicholas/br/v=1/11757.htm
Nightcap x Carisa Rene|http://cn.shopbop.com/nightcap-carisa-rene/br/v=1/5419.htm
Nightwalker|http://cn.shopbop.com/nightwalker/br/v=1/47555.htm
Nili Lotan|http://cn.shopbop.com/nili-lotan/br/v=1/2943.htm
Nina Ricci|http://cn.shopbop.com/nina-ricci/br/v=1/21604.htm
Nixon|http://cn.shopbop.com/nixon/br/v=1/10024.htm
No. 21|http://cn.shopbop.com/no/br/v=1/12205.htm
No.6|http://cn.shopbop.com/no6/br/v=1/48833.htm
Noir Jewelry|http://cn.shopbop.com/noir-jewelry/br/v=1/8572.htm
Nora Kogan|http://cn.shopbop.com/nora-kogan/br/v=1/45561.htm
Norma Kamali|http://cn.shopbop.com/norma-kamali/br/v=1/12390.htm
Nour Hammour|http://cn.shopbop.com/nour-hammour/br/v=1/40925.htm
Novis|http://cn.shopbop.com/novis/br/v=1/49807.htm
NSF|http://cn.shopbop.com/nsf/br/v=1/12422.htm
NuBra|http://cn.shopbop.com/nubra/br/v=1/15626.htm
NUDE|http://cn.shopbop.com/nude/br/v=1/51828.htm
Nudwear|http://cn.shopbop.com/nudwear/br/v=1/50624.htm
Nupie|http://cn.shopbop.com/nupie/br/v=1/50725.htm
OAD|http://cn.shopbop.com/oad/br/v=1/49065.htm
Oak|http://cn.shopbop.com/oak/br/v=1/26647.htm
Odeme|http://cn.shopbop.com/odeme/br/v=1/51132.htm
Oliver Peoples Eyewear|http://cn.shopbop.com/oliver-peoples-eyewear/br/v=1/4590.htm
Oliver Peoples The Row|http://cn.shopbop.com/oliver-peoples-row/br/v=1/48312.htm
Oliveve|http://cn.shopbop.com/oliveve/br/v=1/19924.htm
Olivia von Halle|http://cn.shopbop.com/olivia-von-halle/br/v=1/46764.htm
Olympia Le-Tan|http://cn.shopbop.com/olympia-tan/br/v=1/50167.htm
OLYMPIA THEODORA|http://cn.shopbop.com/olympia-theodora/br/v=1/51927.htm
OndadeMar|http://cn.shopbop.com/ondademar/br/v=1/10519.htm
ONE by|http://cn.shopbop.com/one/br/v=1/10658.htm
ONE SIX FIVE Jewelry|http://cn.shopbop.com/one-six-five-jewelry/br/v=1/51292.htm
OneTeaspoon|http://cn.shopbop.com/oneteaspoon/br/v=1/18429.htm
Only Hearts|http://cn.shopbop.com/only-hearts/br/v=1/6027.htm
Onzie|http://cn.shopbop.com/onzie/br/v=1/40993.htm
Opening Ceremony|http://cn.shopbop.com/opening-ceremony/br/v=1/5618.htm
Oscar de la Renta|http://cn.shopbop.com/oscar-renta/br/v=1/25303.htm
OTAAT/MYERS Collective|http://cn.shopbop.com/otaat-myers-collective/br/v=1/48022.htm
Otto d'ame|http://cn.shopbop.com/otto-dame/br/v=1/26756.htm
Ouigal|http://cn.shopbop.com/ouigal/br/v=1/50728.htm
OYE Swimwear|http://cn.shopbop.com/oye-swimwear/br/v=1/43901.htm
P.E NATION|http://cn.shopbop.com/pe-nation/br/v=1/49708.htm
PAIGE|http://cn.shopbop.com/paige/br/v=1/3041.htm
Paloma Barcelo|http://cn.shopbop.com/paloma-barcelo/br/v=1/37481.htm
PALOMA BLUE|http://cn.shopbop.com/paloma-blue/br/v=1/47787.htm
Pam & Gela|http://cn.shopbop.com/pam-gela/br/v=1/27236.htm
Pamela Love|http://cn.shopbop.com/pamela-love/br/v=1/8757.htm
PAMELA MUNSON|http://cn.shopbop.com/pamela-munson/br/v=1/51553.htm
PAMPELONE|http://cn.shopbop.com/pampelone/br/v=1/45704.htm
Pamplemousse|http://cn.shopbop.com/pamplemousse/br/v=1/50443.htm
PAPER London|http://cn.shopbop.com/paper-london/br/v=1/50067.htm
Parisa Wang|http://cn.shopbop.com/parisa-wang/br/v=1/51808.htm
Parker|http://cn.shopbop.com/parker/br/v=1/6639.htm
Paul & Joe Sister|http://cn.shopbop.com/paul-joe-sister/br/v=1/17991.htm
Paul Andrew|http://cn.shopbop.com/paul-andrew/br/v=1/18740.htm
Paul Smith|http://cn.shopbop.com/paul-smith/br/v=1/38193.htm
Paula Cademartori|http://cn.shopbop.com/paula-cademartori/br/v=1/47298.htm
Pedro Garcia|http://cn.shopbop.com/pedro-garcia/br/v=1/3053.htm
Peixoto|http://cn.shopbop.com/peixoto/br/v=1/17683.htm
Penfield|http://cn.shopbop.com/penfield/br/v=1/11930.htm
People Footwear|http://cn.shopbop.com/people-footwear/br/v=1/51073.htm
Pepa Pombo|http://cn.shopbop.com/pepa-pombo/br/v=1/50612.htm
Perfect Moment|http://cn.shopbop.com/perfect-moment/br/v=1/49525.htm
Petersyn|http://cn.shopbop.com/petersyn/br/v=1/48582.htm
Petit Bateau|http://cn.shopbop.com/petit-bateau/br/v=1/26936.htm
Phat Buddha|http://cn.shopbop.com/phat-buddha/br/v=1/32563.htm
Phelan|http://cn.shopbop.com/phelan/br/v=1/50637.htm
Phillip Lim|http://cn.shopbop.com/31-phillip-lim/br/v=1/10375.htm
Philosophy di Lorenzo Serafini|http://cn.shopbop.com/philosophy-lorenzo-serafini/br/v=1/8685.htm
Pia Pauro|http://cn.shopbop.com/pia-pauro/br/v=1/37402.htm
Piamita|http://cn.shopbop.com/piamita/br/v=1/12092.htm
PilyQ|http://cn.shopbop.com/pilyq/br/v=1/14075.htm
Pintrill|http://cn.shopbop.com/pintrill/br/v=1/50953.htm
Piper|http://cn.shopbop.com/piper/br/v=1/47646.htm
Pitusa|http://cn.shopbop.com/pitusa/br/v=1/34662.htm
PJ Salvage|http://cn.shopbop.com/salvage/br/v=1/24629.htm
Place Nationale|http://cn.shopbop.com/place-nationale/br/v=1/50685.htm
PLUIE|http://cn.shopbop.com/pluie/br/v=1/17865.htm
Plush|http://cn.shopbop.com/plush/br/v=1/8707.htm
Poolside Bags|http://cn.shopbop.com/poolside-bags/br/v=1/51711.htm
Poupette St Barth|http://cn.shopbop.com/poupette-barth/br/v=1/47794.htm
Prabal Gurung|http://cn.shopbop.com/prabal-gurung/br/v=1/9090.htm
Prada|http://cn.shopbop.com/prada/br/v=1/33462.htm
Preen by Thornton Bregazzi|http://cn.shopbop.com/preen-thornton-bregazzi/br/v=1/9976.htm
Prince Peter|http://cn.shopbop.com/prince-peter/br/v=1/17963.htm
Pringle of Scotland|http://cn.shopbop.com/pringle-scotland/br/v=1/51692.htm
Prism|http://cn.shopbop.com/prism/br/v=1/12200.htm
PRISMSPORT|http://cn.shopbop.com/prismsport/br/v=1/25125.htm
Private Party|http://cn.shopbop.com/private-party/br/v=1/38922.htm
Proenza Schouler|http://cn.shopbop.com/proenza-schouler/br/v=1/6805.htm
Props Athletics|http://cn.shopbop.com/props-athletics/br/v=1/50372.htm
PRPS|http://cn.shopbop.com/prps/br/v=1/50494.htm
Public School|http://cn.shopbop.com/public-school/br/v=1/32277.htm
PUMA|http://cn.shopbop.com/puma/br/v=1/6713.htm
Quay|http://cn.shopbop.com/quay/br/v=1/48958.htm
R13|http://cn.shopbop.com/r13/br/v=1/12768.htm
Rachel Antonoff|http://cn.shopbop.com/rachel-antonoff/br/v=1/47403.htm
Rachel Comey|http://cn.shopbop.com/rachel-comey/br/v=1/5810.htm
Rachel Pally|http://cn.shopbop.com/rachel-pally/br/v=1/3358.htm
Rachel Zoe|http://cn.shopbop.com/rachel-zoe/br/v=1/11490.htm
Rag & Bone|http://cn.shopbop.com/rag-bone/br/v=1/3133.htm
Rag & Bone/JEAN|http://cn.shopbop.com/rag-bone-jean/br/v=1/9118.htm
Raga|http://cn.shopbop.com/raga/br/v=1/35366.htm
RahiCali|http://cn.shopbop.com/rahicali/br/v=1/47329.htm
RAILS|http://cn.shopbop.com/rails/br/v=1/26842.htm
Ramy Brook|http://cn.shopbop.com/ramy-brook/br/v=1/12994.htm
Raquel Allegra|http://cn.shopbop.com/raquel-allegra/br/v=1/10801.htm
Ray-Ban|http://cn.shopbop.com/ray-ban/br/v=1/6024.htm
Raye|http://cn.shopbop.com/raye/br/v=1/38927.htm
RE/DONE|http://cn.shopbop.com/done/br/v=1/50796.htm
re:named|http://cn.shopbop.com/renamed/br/v=1/24366.htm
Rebecca Minkoff|http://cn.shopbop.com/rebecca-minkoff/br/v=1/3292.htm
Rebecca Taylor|http://cn.shopbop.com/rebecca-taylor/br/v=1/3222.htm
RED CARD|http://cn.shopbop.com/red-card/br/v=1/47625.htm
Red Carter|http://cn.shopbop.com/red-carter/br/v=1/7278.htm
RED Valentino|http://cn.shopbop.com/red-valentino/br/v=1/10325.htm
Reem Acra|http://cn.shopbop.com/reem-acra/br/v=1/11468.htm
Rejina Pyo|http://cn.shopbop.com/rejina-pyo/br/v=1/49995.htm
Rendor and Steel|http://cn.shopbop.com/rendor-steel/br/v=1/48548.htm
Repetto|http://cn.shopbop.com/repetto/br/v=1/50221.htm
Rhode Resort|http://cn.shopbop.com/rhode-resort/br/v=1/28402.htm
Richmond & Finch|http://cn.shopbop.com/richmond-finch/br/v=1/48322.htm
Rick Owens DRKSHDW|http://cn.shopbop.com/rick-owens-drkshdw/br/v=1/46953.htm
Rick Owens Lilies|http://cn.shopbop.com/rick-owens-lilies/br/v=1/46949.htm
Rifle Paper Co|http://cn.shopbop.com/rifle-paper/br/v=1/29581.htm
Riller & Fount|http://cn.shopbop.com/riller-fount/br/v=1/8192.htm
Rime Arodaky|http://cn.shopbop.com/rime-arodaky/br/v=1/49248.htm
Ringly|http://cn.shopbop.com/ringly/br/v=1/35376.htm
Robert Clergerie|http://cn.shopbop.com/robert-clergerie/br/v=1/49734.htm
Robert Rodriguez|http://cn.shopbop.com/robert-rodriguez/br/v=1/5396.htm
Roberta Roller Rabbit|http://cn.shopbop.com/roberta-roller-rabbit/br/v=1/43621.htm
Roberto Cavalli|http://cn.shopbop.com/roberto-cavalli/br/v=1/49822.htm
Rochas|http://cn.shopbop.com/rochas/br/v=1/17820.htm
Rockins|http://cn.shopbop.com/rockins/br/v=1/42987.htm
ROCOCO SAND|http://cn.shopbop.com/rococo-sand/br/v=1/50098.htm
Rodarte|http://cn.shopbop.com/rodarte/br/v=1/21358.htm
Rodebjer|http://cn.shopbop.com/rodebjer/br/v=1/22290.htm
Roe + May|http://cn.shopbop.com/roe-may/br/v=1/50340.htm
Rolla's|http://cn.shopbop.com/rollas/br/v=1/41468.htm
Romanchic|http://cn.shopbop.com/romanchic/br/v=1/50396.htm
Ronny Kobo|http://cn.shopbop.com/ronny-kobo/br/v=1/35483.htm
Rosantica|http://cn.shopbop.com/rosantica/br/v=1/49577.htm
Rosie Pope|http://cn.shopbop.com/rosie-pope/br/v=1/27400.htm
Rossella Jardini|http://cn.shopbop.com/rossella-jardini/br/v=1/50174.htm
RtA|http://cn.shopbop.com/rta/br/v=1/26588.htm
Rubin Singer|http://cn.shopbop.com/rubin-singer/br/v=1/49748.htm
RUKEN|http://cn.shopbop.com/ruken/br/v=1/48230.htm
RumbaTime|http://cn.shopbop.com/rumbatime/br/v=1/9489.htm
Ryder|http://cn.shopbop.com/ryder/br/v=1/31761.htm
RYE|http://cn.shopbop.com/rye/br/v=1/49644.htm
Saint Laurent|http://cn.shopbop.com/saint-laurent/br/v=1/6852.htm
Salar|http://cn.shopbop.com/salar/br/v=1/49198.htm
SALINAS|http://cn.shopbop.com/salinas/br/v=1/43801.htm
Saloni|http://cn.shopbop.com/saloni/br/v=1/12554.htm
Salvatore Ferragamo|http://cn.shopbop.com/salvatore-ferragamo/br/v=1/12669.htm
Sam & Lavi|http://cn.shopbop.com/sam-lavi/br/v=1/40123.htm
Sam Edelman|http://cn.shopbop.com/sam-edelman/br/v=1/9878.htm
SAM.|http://cn.shopbop.com/sam/br/v=1/22164.htm
Samantha Pleet|http://cn.shopbop.com/samantha-pleet/br/v=1/36631.htm
SAME SWIM|http://cn.shopbop.com/same-swim/br/v=1/43742.htm
Samudra|http://cn.shopbop.com/samudra/br/v=1/14271.htm
SANCIA|http://cn.shopbop.com/sancia/br/v=1/44242.htm
Sandrine Rose|http://cn.shopbop.com/sandrine-rose/br/v=1/47416.htm
Sandy Liang|http://cn.shopbop.com/sandy-liang/br/v=1/47908.htm
Santi|http://cn.shopbop.com/santi/br/v=1/17850.htm
Sarah Flint|http://cn.shopbop.com/sarah-flint/br/v=1/40323.htm
Sarah's Bag|http://cn.shopbop.com/sarahs-bag/br/v=1/47527.htm
Saskia Diez|http://cn.shopbop.com/saskia-diez/br/v=1/51820.htm
sass & bide|http://cn.shopbop.com/sass-bide/br/v=1/3448.htm
Saylor|http://cn.shopbop.com/saylor/br/v=1/32621.htm
Schutz|http://cn.shopbop.com/schutz/br/v=1/9396.htm
Scosha|http://cn.shopbop.com/scosha/br/v=1/50361.htm
Scotch & Soda/Maison Scotch|http://cn.shopbop.com/scotch-soda-maison/br/v=1/10842.htm
Sea|http://cn.shopbop.com/sea/br/v=1/4610.htm
Seafarer|http://cn.shopbop.com/seafarer/br/v=1/28323.htm
SeaVees|http://cn.shopbop.com/seavees/br/v=1/49842.htm
See by Chloe|http://cn.shopbop.com/see-chloe/br/v=1/5309.htm
Seea|http://cn.shopbop.com/seea/br/v=1/17788.htm
Self Portrait|http://cn.shopbop.com/self-portrait/br/v=1/26522.htm
SENSO|http://cn.shopbop.com/senso/br/v=1/51912.htm
serefina|http://cn.shopbop.com/serefina/br/v=1/11397.htm
Sergio Rossi|http://cn.shopbop.com/sergio-rossi/br/v=1/7185.htm
Serpui Marie|http://cn.shopbop.com/serpui-marie/br/v=1/12585.htm
Shakuhachi|http://cn.shopbop.com/shakuhachi/br/v=1/10359.htm
Shashi|http://cn.shopbop.com/shashi/br/v=1/8234.htm
Shay|http://cn.shopbop.com/shay/br/v=1/23803.htm
She Made Me|http://cn.shopbop.com/she-made/br/v=1/35956.htm
Shoshanna|http://cn.shopbop.com/shoshanna/br/v=1/5293.htm
Sigerson Morrison|http://cn.shopbop.com/sigerson-morrison/br/v=1/27732.htm
Sincerely Jules|http://cn.shopbop.com/sincerely-jules/br/v=1/18581.htm
Siwy|http://cn.shopbop.com/siwy/br/v=1/3551.htm
SJYP|http://cn.shopbop.com/sjyp/br/v=1/36453.htm
Skarlett Blue|http://cn.shopbop.com/skarlett-blue/br/v=1/35081.htm
Skin|http://cn.shopbop.com/skin/br/v=1/18124.htm
SKINNYSHIRT|http://cn.shopbop.com/skinnyshirt/br/v=1/50142.htm
SKYE & staghorn|http://cn.shopbop.com/skye-staghorn/br/v=1/19074.htm
Slant Collections|http://cn.shopbop.com/slant-collections/br/v=1/51453.htm
Sleepy Jones|http://cn.shopbop.com/sleepy-jones/br/v=1/40126.htm
SMYTHE|http://cn.shopbop.com/smythe/br/v=1/7488.htm
Soave Oro|http://cn.shopbop.com/soave-oro/br/v=1/50182.htm
Soeur Du Maroc|http://cn.shopbop.com/soeur-maroc/br/v=1/51758.htm
SOFIA by ViX|http://cn.shopbop.com/sofia-vix/br/v=1/42822.htm
Soft Joie|http://cn.shopbop.com/soft-joie/br/v=1/9157.htm
Soia & Kyo|http://cn.shopbop.com/soia-kyo/br/v=1/40835.htm
Sol Angeles|http://cn.shopbop.com/sol-angeles/br/v=1/20141.htm
Sol Sana|http://cn.shopbop.com/sol-sana/br/v=1/18730.htm
Solace London|http://cn.shopbop.com/solace-london/br/v=1/28389.htm
Soleil|http://cn.shopbop.com/soleil/br/v=1/47286.htm
Solid & Striped|http://cn.shopbop.com/solid-striped/br/v=1/27962.htm
Soludos|http://cn.shopbop.com/soludos/br/v=1/9374.htm
Somedays Lovin|http://cn.shopbop.com/somedays-lovin/br/v=1/45367.htm
Sonia by Sonia Rykiel|http://cn.shopbop.com/sonia-rykiel/br/v=1/12043.htm
Sonix|http://cn.shopbop.com/sonix/br/v=1/33061.htm
Sophie Anderson|http://cn.shopbop.com/sophie-anderson/br/v=1/50987.htm
Sorel|http://cn.shopbop.com/sorel/br/v=1/6581.htm
South Parade|http://cn.shopbop.com/south-parade/br/v=1/40672.htm
SPANX|http://cn.shopbop.com/spanx/br/v=1/8639.htm
SPELL|http://cn.shopbop.com/spell/br/v=1/29390.htm
Spencer Vladimir|http://cn.shopbop.com/spencer-vladimir/br/v=1/49322.htm
Sperry|http://cn.shopbop.com/sperry/br/v=1/32221.htm
Spiritual Gangster|http://cn.shopbop.com/spiritual-gangster/br/v=1/28805.htm
Splendid|http://cn.shopbop.com/splendid/br/v=1/3588.htm
Splits59|http://cn.shopbop.com/splits59/br/v=1/37543.htm
St. Roche|http://cn.shopbop.com/st-roche/br/v=1/36446.htm
STANCE|http://cn.shopbop.com/stance/br/v=1/22201.htm
Star Mela|http://cn.shopbop.com/star-mela/br/v=1/18942.htm
STATE|http://cn.shopbop.com/state/br/v=1/45123.htm
Stateside|http://cn.shopbop.com/stateside/br/v=1/18136.htm
Stella + Ruby|http://cn.shopbop.com/stella-ruby/br/v=1/51717.htm
Stella Jean|http://cn.shopbop.com/stella-jean/br/v=1/50002.htm
Stella McCartney|http://cn.shopbop.com/stella-mccartney/br/v=1/10821.htm
Steven|http://cn.shopbop.com/steven/br/v=1/8612.htm
Steven Alan|http://cn.shopbop.com/steven-alan/br/v=1/5611.htm
Stevie May|http://cn.shopbop.com/stevie-may/br/v=1/50364.htm
Stone Cold Fox|http://cn.shopbop.com/stone-cold-fox/br/v=1/36812.htm
Stone Fox Swim|http://cn.shopbop.com/stone-fox-swim/br/v=1/44101.htm
Stuart Weitzman|http://cn.shopbop.com/stuart-weitzman/br/v=1/7744.htm
Studio 33|http://cn.shopbop.com/studio/br/v=1/48839.htm
Style Mafia|http://cn.shopbop.com/style-mafia/br/v=1/48120.htm
STYLEKEEPERS|http://cn.shopbop.com/stylekeepers/br/v=1/50185.htm
STYLESTALKER|http://cn.shopbop.com/stylestalker/br/v=1/12759.htm
Suboo|http://cn.shopbop.com/suboo/br/v=1/17701.htm
Suecomma Bonnie|http://cn.shopbop.com/suecomma-bonnie/br/v=1/17809.htm
Sugarfina|http://cn.shopbop.com/sugarfina/br/v=1/49585.htm
Suncoo|http://cn.shopbop.com/suncoo/br/v=1/45501.htm
Sunday Somewhere|http://cn.shopbop.com/sunday-somewhere/br/v=1/23468.htm
SUNDRESS|http://cn.shopbop.com/sundress/br/v=1/34961.htm
SUNDRY|http://cn.shopbop.com/sundry/br/v=1/12288.htm
SunnyLife|http://cn.shopbop.com/sunnylife/br/v=1/37306.htm
SUNO|http://cn.shopbop.com/suno/br/v=1/11106.htm
Super Sunglasses|http://cn.shopbop.com/super-sunglasses/br/v=1/7971.htm
Superga|http://cn.shopbop.com/superga/br/v=1/11683.htm
Surf Bazaar|http://cn.shopbop.com/surf-bazaar/br/v=1/12457.htm
Susana Monaco|http://cn.shopbop.com/susana-monaco/br/v=1/3685.htm
Swedish Hasbeens|http://cn.shopbop.com/swedish-hasbeens/br/v=1/11734.htm
Sydney Evan|http://cn.shopbop.com/sydney-evan/br/v=1/6745.htm
T by Alexander Wang|http://cn.shopbop.com/alexander-wang/br/v=1/7907.htm
Tai|http://cn.shopbop.com/tai/br/v=1/12525.htm
Tak. Ori|http://cn.shopbop.com/tak-ori/br/v=1/40618.htm
Talulah|http://cn.shopbop.com/talulah/br/v=1/12708.htm
Tanya Taylor|http://cn.shopbop.com/tanya-taylor/br/v=1/43269.htm
Tavik Swimwear|http://cn.shopbop.com/tavik-swimwear/br/v=1/10544.htm
Temperley London|http://cn.shopbop.com/temperley-london/br/v=1/6912.htm
Temptation Positano|http://cn.shopbop.com/temptation-positano/br/v=1/48005.htm
Terez|http://cn.shopbop.com/terez/br/v=1/35442.htm
Thakoon|http://cn.shopbop.com/thakoon/br/v=1/7019.htm
Thayer|http://cn.shopbop.com/thayer/br/v=1/3844.htm
The Archive|http://cn.shopbop.com/archive/br/v=1/49675.htm
The Fifth Label|http://cn.shopbop.com/fifth-label/br/v=1/41383.htm
The Fix|http://cn.shopbop.com/fix/br/v=1/51891.htm
THE GREAT.|http://cn.shopbop.com/great/br/v=1/35928.htm
The Handbag Raincoat|http://cn.shopbop.com/handbag-raincoat/br/v=1/37443.htm
The Hours|http://cn.shopbop.com/hours/br/v=1/50197.htm
The Jetset Diaries|http://cn.shopbop.com/jetset-diaries/br/v=1/35585.htm
The Kooples|http://cn.shopbop.com/kooples/br/v=1/39044.htm
The Lady & The Sailor|http://cn.shopbop.com/lady-sailor/br/v=1/13006.htm
The Laundress|http://cn.shopbop.com/laundress/br/v=1/49184.htm
The Little Bra Company|http://cn.shopbop.com/little-bra-company/br/v=1/17886.htm
The Natural|http://cn.shopbop.com/natural/br/v=1/26046.htm
Theia|http://cn.shopbop.com/theia/br/v=1/12910.htm
Theia Jewelry|http://cn.shopbop.com/theia-jewelry/br/v=1/48107.htm
Theory|http://cn.shopbop.com/theory/br/v=1/3868.htm
ThePerfext|http://cn.shopbop.com/theperfext/br/v=1/35141.htm
Thierry Lasry|http://cn.shopbop.com/thierry-lasry/br/v=1/13986.htm
Thistle & Spire|http://cn.shopbop.com/thistle-spire/br/v=1/47476.htm
Three Dots|http://cn.shopbop.com/three-dots/br/v=1/9220.htm
Three Floor|http://cn.shopbop.com/three-floor/br/v=1/12659.htm
Three J NYC|http://cn.shopbop.com/three-nyc/br/v=1/12985.htm
THURLEY|http://cn.shopbop.com/thurley/br/v=1/49930.htm
TIARE HAWAII|http://cn.shopbop.com/tiare-hawaii/br/v=1/42926.htm
Tibi|http://cn.shopbop.com/tibi/br/v=1/4626.htm
Tigerlily|http://cn.shopbop.com/tigerlily/br/v=1/9035.htm
Tim Coppens|http://cn.shopbop.com/tim-coppens/br/v=1/48808.htm
Timbuk2|http://cn.shopbop.com/timbuk2/br/v=1/51448.htm
Timpa|http://cn.shopbop.com/timpa/br/v=1/11368.htm
TKEES|http://cn.shopbop.com/tkees/br/v=1/11919.htm
Toga Pulla|http://cn.shopbop.com/toga-pulla/br/v=1/31529.htm
Tom Dixon|http://cn.shopbop.com/tom-dixon/br/v=1/33665.htm
Tomas Maier|http://cn.shopbop.com/tomas-maier/br/v=1/49006.htm
Tome|http://cn.shopbop.com/tome/br/v=1/43275.htm
Top Secret|http://cn.shopbop.com/top-secret/br/v=1/8646.htm
Tori Praver Swimwear|http://cn.shopbop.com/tori-praver-swimwear/br/v=1/9188.htm
Torn by Ronny Kobo|http://cn.shopbop.com/torn-ronny-kobo/br/v=1/3915.htm
Tory Burch|http://cn.shopbop.com/tory-burch/br/v=1/3936.htm
Trademark|http://cn.shopbop.com/trademark/br/v=1/50765.htm
Tretorn|http://cn.shopbop.com/tretorn/br/v=1/3992.htm
True Religion|http://cn.shopbop.com/true-religion/br/v=1/4056.htm
TSE Cashmere|http://cn.shopbop.com/tse-cashmere/br/v=1/48759.htm
TULAROSA|http://cn.shopbop.com/tularosa/br/v=1/34463.htm
Tumi|http://cn.shopbop.com/tumi/br/v=1/26281.htm
Twenty Tees|http://cn.shopbop.com/twenty-tees/br/v=1/50346.htm
Twobirds|http://cn.shopbop.com/twobirds/br/v=1/11282.htm
Tyler Rose Swimwear|http://cn.shopbop.com/tyler-rose-swimwear/br/v=1/4146.htm
Ulla Johnson|http://cn.shopbop.com/ulla-johnson/br/v=1/18603.htm
Ultracor|http://cn.shopbop.com/ultracor/br/v=1/37348.htm
Unfortunate Portrait|http://cn.shopbop.com/unfortunate-portrait/br/v=1/49717.htm
United Nude|http://cn.shopbop.com/united-nude/br/v=1/12302.htm
Urbanears|http://cn.shopbop.com/urbanears/br/v=1/50086.htm
Valdez|http://cn.shopbop.com/valdez/br/v=1/50314.htm
Vale|http://cn.shopbop.com/vale/br/v=1/40543.htm
Valentino|http://cn.shopbop.com/valentino/br/v=1/50860.htm
Valenz Handmade|http://cn.shopbop.com/valenz-handmade/br/v=1/35452.htm
Valley Eyewear|http://cn.shopbop.com/valley-eyewear/br/v=1/33662.htm
Vanessa Mooney|http://cn.shopbop.com/vanessa-mooney/br/v=1/9334.htm
Vasic Collection|http://cn.shopbop.com/vasic-collection/br/v=1/40945.htm
Vatanika|http://cn.shopbop.com/vatanika/br/v=1/51510.htm
VEDA|http://cn.shopbop.com/veda/br/v=1/6504.htm
Vedi Vero|http://cn.shopbop.com/vedi-vero/br/v=1/51846.htm
Velvet|http://cn.shopbop.com/velvet/br/v=1/4200.htm
Venessa Arizaga|http://cn.shopbop.com/venessa-arizaga/br/v=1/12653.htm
Vera Wang Collection|http://cn.shopbop.com/vera-wang-collection/br/v=1/18048.htm
VereVerto|http://cn.shopbop.com/vereverto/br/v=1/50505.htm
Veronica Beard|http://cn.shopbop.com/veronica-beard/br/v=1/14097.htm
Veronica Beard Jean|http://cn.shopbop.com/veronica-beard-jean/br/v=1/51888.htm
Versace|http://cn.shopbop.com/versace/br/v=1/14281.htm
Versus|http://cn.shopbop.com/versus/br/v=1/38330.htm
VETIVER|http://cn.shopbop.com/vetiver/br/v=1/50555.htm
Victoria Beckham|http://cn.shopbop.com/victoria-beckham/br/v=1/11654.htm
Victoria Victoria Beckham|http://cn.shopbop.com/victoria-beckham/br/v=1/31639.htm
Vika Gazinskaya|http://cn.shopbop.com/vika-gazinskaya/br/v=1/23463.htm
Vince|http://cn.shopbop.com/vince/br/v=1/4252.htm
Vita Fede|http://cn.shopbop.com/vita-fede/br/v=1/8936.htm
Vitamin A|http://cn.shopbop.com/vitamin/br/v=1/12991.htm
Viva Aviva|http://cn.shopbop.com/viva-aviva/br/v=1/47940.htm
Vivetta|http://cn.shopbop.com/vivetta/br/v=1/50008.htm
ViX Swimwear|http://cn.shopbop.com/vix-swimwear/br/v=1/5178.htm
W.Kleinberg|http://cn.shopbop.com/wkleinberg/br/v=1/51364.htm
WaiWai|http://cn.shopbop.com/waiwai/br/v=1/50902.htm
Walters Faith|http://cn.shopbop.com/walters-faith/br/v=1/50452.htm
WANT LES ESSENTIELS|http://cn.shopbop.com/want-les-essentiels/br/v=1/51706.htm
Warm|http://cn.shopbop.com/warm/br/v=1/47102.htm
WAYF|http://cn.shopbop.com/wayf/br/v=1/4335.htm
We Are Handsome|http://cn.shopbop.com/are-handsome/br/v=1/12058.htm
We Are Kindred|http://cn.shopbop.com/are-kindred/br/v=1/51498.htm
Welden|http://cn.shopbop.com/welden/br/v=1/48964.htm
What Goes Around Comes Around|http://cn.shopbop.com/what-goes-around-comes/br/v=1/28471.htm
Whistles|http://cn.shopbop.com/whistles/br/v=1/27378.htm
Whit|http://cn.shopbop.com/whit/br/v=1/50416.htm
White + Warren|http://cn.shopbop.com/white-warren/br/v=1/31636.htm
Whiting & Davis|http://cn.shopbop.com/whiting-davis/br/v=1/10207.htm
Wildfox|http://cn.shopbop.com/wildfox/br/v=1/9791.htm
Wilt|http://cn.shopbop.com/wilt/br/v=1/8066.htm
Wolford|http://cn.shopbop.com/wolford/br/v=1/30903.htm
Won Hundred|http://cn.shopbop.com/won-hundred/br/v=1/21405.htm
Woolrich|http://cn.shopbop.com/woolrich/br/v=1/40785.htm
Xirena|http://cn.shopbop.com/xirena/br/v=1/12083.htm
Y-3|http://cn.shopbop.com/designer-index/br/v=1/26581.htm
Yazbukey|http://cn.shopbop.com/yazbukey/br/v=1/26897.htm
YDE|http://cn.shopbop.com/yde/br/v=1/49951.htm
Yeti Yoga|http://cn.shopbop.com/yeti-yoga/br/v=1/33814.htm
Yigal Azrouel|http://cn.shopbop.com/yigal-azrouel/br/v=1/11348.htm
Yosi Samra|http://cn.shopbop.com/yosi-samra/br/v=1/10771.htm
Young Fabulous & Broke|http://cn.shopbop.com/young-fabulous-broke/br/v=1/4429.htm
Yumi Kim|http://cn.shopbop.com/yumi-kim/br/v=1/27221.htm
Yummie by Heather Thomson|http://cn.shopbop.com/yummie-heather-thomson/br/v=1/39444.htm
YVES SALOMON – METEO|http://cn.shopbop.com/yves-salomon-meteo/br/v=1/49026.htm
Z Supply|http://cn.shopbop.com/supply/br/v=1/50279.htm
Zac Posen|http://cn.shopbop.com/zac-posen/br/v=1/11186.htm
ZAC Zac Posen|http://cn.shopbop.com/zac-posen/br/v=1/21544.htm
Zadig & Voltaire|http://cn.shopbop.com/zadig-voltaire/br/v=1/12978.htm
ZCD Montreal|http://cn.shopbop.com/zcd-montreal/br/v=1/50117.htm
Zero + Maria Cornejo|http://cn.shopbop.com/zero-maria-cornejo/br/v=1/10640.htm
Zero Gravity|http://cn.shopbop.com/zero-gravity/br/v=1/31724.htm
ZEUS+DIONE|http://cn.shopbop.com/zeusdione/br/v=1/44784.htm
Zigilane|http://cn.shopbop.com/zigilane/br/v=1/51007.htm
Zimmermann|http://cn.shopbop.com/zimmermann/br/v=1/5090.htm
Zinke|http://cn.shopbop.com/zinke/br/v=1/11165.htm
Zoe Chicco|http://cn.shopbop.com/zoe-chicco/br/v=1/42462.htm
Zoe Karssen|http://cn.shopbop.com/zoe-karssen/br/v=1/11371.htm