100% Pure|https://www.dermstore.com/profile_100+Pure_501667.htm
21 Drops|https://www.dermstore.com/profile_21+Drops_503461.htm
3LAB|https://www.dermstore.com/profile_3LAB_500944.htm
Abella Skin Care|https://www.dermstore.com/profile_Abella+Skin+Care_500725.htm
Actifirm|https://www.dermstore.com/profile_Actifirm_501182.htm
Advanced Skin Technology|https://www.dermstore.com/profile_Advanced+Skin+Technology_500391.htm
African Botanics|https://www.dermstore.com/profile_African+Botanics_502454.htm
AGENT NATEUR|https://www.dermstore.com/profile_AGENT+NATEUR_504356.htm
AHAVA|https://www.dermstore.com/profile_AHAVA_500050.htm
AHNESTI|https://www.dermstore.com/profile_AHNESTI_504346.htm
Alchimie Forever|https://www.dermstore.com/profile_Alchimie+Forever_500744.htm
Allerderm|https://www.dermstore.com/profile_Allerderm_100133.htm
Alpha Skincare|https://www.dermstore.com/profile_Alpha+Skincare_501621.htm
Alterna|https://www.dermstore.com/profile_Alterna_500749.htm
Alyria|https://www.dermstore.com/profile_Alyria_501082.htm
Amarte|https://www.dermstore.com/profile_Amarte_500796.htm
Amazing Cosmetics|https://www.dermstore.com/profile_Amazing+Cosmetics_500872.htm
American Crew|https://www.dermstore.com/profile_American+Crew_504021.htm
AminoGenesis|https://www.dermstore.com/profile_AminoGenesis_500504.htm
AmLactin|https://www.dermstore.com/profile_AmLactin_100012.htm
Anastasia Beverly Hills|https://www.dermstore.com/profile_Anastasia+Beverly+Hills_501892.htm
Anna Sui Cosmetics|https://www.dermstore.com/profile_Anna+Sui+Cosmetics_502953.htm
Anthony|https://www.dermstore.com/profile_Anthony_501341.htm
APOTHIA Los Angeles|https://www.dermstore.com/profile_APOTHIA+Los+Angeles_502502.htm
Aquanil|https://www.dermstore.com/profile_Aquanil_100084.htm
Aquareveal|https://www.dermstore.com/profile_Aquareveal_504262.htm
Aquis|https://www.dermstore.com/profile_Aquis_504147.htm
Archipelago Botanicals|https://www.dermstore.com/profile_Archipelago+Botanicals_501984.htm
ARCONA|https://www.dermstore.com/profile_ARCONA_501896.htm
Aromatherapy Associates|https://www.dermstore.com/profile_Aromatherapy+Associates_503116.htm
Ashford and Co.|https://www.dermstore.com/profile_Ashford+and+Co._502850.htm
Astara|https://www.dermstore.com/profile_Astara_500363.htm
ATOPALM|https://www.dermstore.com/profile_ATOPALM_501084.htm
Auriderm|https://www.dermstore.com/profile_Auriderm_501143.htm
Avene|https://www.dermstore.com/profile_Avene_500107.htm
Aviva Hair|https://www.dermstore.com/profile_Aviva+Hair_504840.htm
B. Kamins|https://www.dermstore.com/profile_B.+Kamins_100159.htm
Babor|https://www.dermstore.com/profile_Babor_500100.htm
Baby Foot|https://www.dermstore.com/profile_Baby+Foot_501516.htm
Baby Quasar|https://www.dermstore.com/profile_Baby+Quasar_500592.htm
Bakel|https://www.dermstore.com/profile_Bakel_502133.htm
BareEASE|https://www.dermstore.com/profile_BareEASE_501464.htm
bareMinerals|https://www.dermstore.com/profile_bareMinerals_503930.htm
Barielle|https://www.dermstore.com/profile_Barielle_501007.htm
basq NYC|https://www.dermstore.com/profile_basq+NYC_502040.htm
Batiste|https://www.dermstore.com/profile_Batiste_501490.htm
Baxter of California|https://www.dermstore.com/profile_Baxter+of+California_501577.htm
Beautisol|https://www.dermstore.com/profile_Beautisol_501569.htm
beautyblender|https://www.dermstore.com/profile_beautyblender_500737.htm
BeautyFIX|https://www.dermstore.com/profile_BeautyFIX_502784.htm
BeautyRx Skincare|https://www.dermstore.com/profile_BeautyRx+Skincare_502285.htm
Becca Cosmetics|https://www.dermstore.com/profile_Becca+Cosmetics_500477.htm
Belli Beauty|https://www.dermstore.com/profile_Belli+Beauty_500225.htm
Besame Cosmetics|https://www.dermstore.com/profile_Besame+Cosmetics+_504372.htm
Best Bronze|https://www.dermstore.com/profile_Best+Bronze_504666.htm
Billion Dollar Brows|https://www.dermstore.com/profile_Billion+Dollar+Brows_501924.htm
Billy Jealousy|https://www.dermstore.com/profile_Billy+Jealousy_500806.htm
Bio-Oil|https://www.dermstore.com/profile_Bio-Oil_502084.htm
Bioderma|https://www.dermstore.com/profile_Bioderma_504818.htm
Bioelements|https://www.dermstore.com/profile_Bioelements_500127.htm
BIONOVA|https://www.dermstore.com/profile_BIONOVA_503763.htm
Biopelle|https://www.dermstore.com/profile_Biopelle_501570.htm
bkr|https://www.dermstore.com/profile_bkr_502846.htm
blendSMART|https://www.dermstore.com/profile_blendSMART_504383.htm
blinc|https://www.dermstore.com/profile_blinc_500065.htm
Blind Barber|https://www.dermstore.com/profile_Blind+Barber_502141.htm
Bliss|https://www.dermstore.com/profile_Bliss_500062.htm
Blowout Beauty|https://www.dermstore.com/profile_Blowout+Beauty_502297.htm
blowpro|https://www.dermstore.com/profile_blowpro_502114.htm
Blue Lizard Australian Sunscreen|https://www.dermstore.com/profile_Blue+Lizard+Australian+Sunscreen_100094.htm
Booty Parlor|https://www.dermstore.com/profile_Booty+Parlor_502124.htm
Borghese|https://www.dermstore.com/profile_Borghese_501183.htm
Bottega Organica|https://www.dermstore.com/profile_Bottega+Organica_504323.htm
Boxx Cosmetics|https://www.dermstore.com/profile_Boxx+Cosmetics_502128.htm
BRAD Biophotonic Skin Care|https://www.dermstore.com/profile_BRAD+Biophotonic+Skin+Care_502127.htm
Bremenn Clinical|https://www.dermstore.com/profile_Bremenn+Clinical_501323.htm
Briogeo|https://www.dermstore.com/profile_Briogeo_502970.htm
Burt's Bees|https://www.dermstore.com/profile_Burts+Bees_100124.htm
butter LONDON|https://www.dermstore.com/profile_butter+LONDON_501854.htm
BY TERRY|https://www.dermstore.com/profile_BY+TERRY_504277.htm
Cailyn Cosmetics|https://www.dermstore.com/profile_Cailyn+Cosmetics_502579.htm
California Baby|https://www.dermstore.com/profile_California+Baby_500148.htm
Cane and Austin|https://www.dermstore.com/profile_Cane+and+Austin_501890.htm
Captain Blankenship|https://www.dermstore.com/profile_Captain+Blankenship_504233.htm
Caption|https://www.dermstore.com/profile_Caption_503823.htm
CARGO|https://www.dermstore.com/profile_CARGO_500590.htm
CARITA|https://www.dermstore.com/profile_CARITA_500134.htm
Carol's Daughter|https://www.dermstore.com/profile_Carols+Daughter_502296.htm
Carthusia|https://www.dermstore.com/profile_Carthusia_504259.htm
Caruso|https://www.dermstore.com/profile_Caruso_502265.htm
CATTIVA Cosmetics|https://www.dermstore.com/profile_CATTIVA+Cosmetics_501747.htm
CellCeuticals|https://www.dermstore.com/profile_CellCeuticals_501807.htm
Cellex-C|https://www.dermstore.com/profile_Cellex-C_100001.htm
CeraVe|https://www.dermstore.com/profile_CeraVe_501623.htm
Cetaphil|https://www.dermstore.com/profile_Cetaphil_100036.htm
Chella Skin Care|https://www.dermstore.com/profile_Chella+Skin+Care_501040.htm
CINQ MONDES|https://www.dermstore.com/profile_CINQ+MONDES_502606.htm
Circ-Cell|https://www.dermstore.com/profile_Circ-Cell_501981.htm
Circadia by Dr. Pugliese|https://www.dermstore.com/profile_Circadia+by+Dr.+Pugliese_500852.htm
Circle of Friends|https://www.dermstore.com/profile_Circle+of+Friends_502990.htm
Citrix|https://www.dermstore.com/profile_Citrix_100172.htm
Clarisonic|https://www.dermstore.com/profile_Clarisonic_500275.htm
ClarityRx|https://www.dermstore.com/profile_ClarityRx_501428.htm
Clark's Botanicals|https://www.dermstore.com/profile_Clarks+Botanicals_500955.htm
Claudio Riaz|https://www.dermstore.com/profile_Claudio+Riaz_502312.htm
Clearogen|https://www.dermstore.com/profile_Clearogen_501342.htm
Clinicians Complex|https://www.dermstore.com/profile_Clinicians+Complex_500335.htm
Color Wow|https://www.dermstore.com/profile_Color+Wow_502818.htm
Colorescience|https://www.dermstore.com/profile_Colorescience_500030.htm
Comptoir Sud Pacifique|https://www.dermstore.com/profile_Comptoir+Sud+Pacifique_504757.htm
Contours Rx|https://www.dermstore.com/profile_Contours+Rx_503625.htm
COOLA|https://www.dermstore.com/profile_COOLA_500950.htm
CosMedix|https://www.dermstore.com/profile_CosMedix_500250.htm
CoTZ|https://www.dermstore.com/profile_CoTZ_100165.htm
COUVRe|https://www.dermstore.com/profile_COUVRe_502282.htm
COVER FX|https://www.dermstore.com/profile_COVER+FX_501008.htm
COWSHED|https://www.dermstore.com/profile_COWSHED_502955.htm
Crabtree & Evelyn|https://www.dermstore.com/profile_Crabtree+Evelyn_503312.htm
Credentials|https://www.dermstore.com/profile_Credentials_100075.htm
Cricket|https://www.dermstore.com/profile_Cricket_501753.htm
Cult Cosmetics|https://www.dermstore.com/profile_Cult+Cosmetics_503011.htm
Cures by Avance|https://www.dermstore.com/profile_Cures+by+Avance_500865.htm
Cuvee Beauty|https://www.dermstore.com/profile_Cuvee+Beauty_504254.htm
d.j.v. MIARAY|https://www.dermstore.com/profile_d.j.v.+MIARAY_504794.htm
DAFNI|https://www.dermstore.com/profile_DAFNI_503790.htm
Daily Concepts|https://www.dermstore.com/profile_Daily+Concepts_504251.htm
Danielle Creations|https://www.dermstore.com/profile_Danielle+Creations_503925.htm
Darphin|https://www.dermstore.com/profile_Darphin_502691.htm
Davids|https://www.dermstore.com/profile_Davids_504772.htm
DayNa Decker|https://www.dermstore.com/profile_DayNa+Decker_502277.htm
DCL Dermatologic Cosmetic Laboratories|https://www.dermstore.com/profile_DCL+Dermatologic+Cosmetic+Laboratories_500746.htm
DDF|https://www.dermstore.com/profile_DDF_100158.htm
deborah lippmann|https://www.dermstore.com/profile_deborah+lippmann_501885.htm
Decleor|https://www.dermstore.com/profile_Decleor_500085.htm
Derma e|https://www.dermstore.com/profile_Derma+e_501746.htm
Dermablend|https://www.dermstore.com/profile_Dermablend_100175.htm
DERMAdoctor|https://www.dermstore.com/profile_DERMAdoctor_503874.htm
Dermaflage|https://www.dermstore.com/profile_Dermaflage_501916.htm
DERMAFLASH|https://www.dermstore.com/profile_DERMAFLASH_504348.htm
Dermalogica|https://www.dermstore.com/profile_Dermalogica_100083.htm
DermaNew|https://www.dermstore.com/profile_DermaNew_500128.htm
DermaQuest|https://www.dermstore.com/profile_DermaQuest_501778.htm
Dermarche Labs|https://www.dermstore.com/profile_Dermarche+Labs_503250.htm
Dermelect|https://www.dermstore.com/profile_Dermelect_500868.htm
Dermstore|https://www.dermstore.com/profile_Dermstore_500520.htm
DevaCurl|https://www.dermstore.com/profile_DevaCurl_502304.htm
Dew Puff|https://www.dermstore.com/profile_Dew+Puff_503000.htm
DHC|https://www.dermstore.com/profile_DHC_501928.htm
DHS|https://www.dermstore.com/profile_DHS_100006.htm
Diamancel|https://www.dermstore.com/profile_Diamancel_500867.htm
Diego Dalla Palma|https://www.dermstore.com/profile_Diego+Dalla+Palma_502053.htm
Diego Dalla Palma Hair|https://www.dermstore.com/profile_Diego+Dalla+Palma+Hair_502329.htm
DML|https://www.dermstore.com/profile_DML_100040.htm
DNA EGF Renewal|https://www.dermstore.com/profile_DNA+EGF+Renewal_502088.htm
Donell|https://www.dermstore.com/profile_Donell_100180.htm
dpHUE|https://www.dermstore.com/profile_dpHUE_504667.htm
Dr. Brandt|https://www.dermstore.com/profile_Dr.+Brandt_100181.htm
Dr. Brite|https://www.dermstore.com/profile_Dr.+Brite_504230.htm
Dr. Dan's|https://www.dermstore.com/profile_Dr.+Dans_100156.htm
Dr. Dennis Gross Skincare|https://www.dermstore.com/profile_Dr.+Dennis+Gross+Skincare_500088.htm
Dr. Hauschka|https://www.dermstore.com/profile_Dr.+Hauschka_501507.htm
Dr. Loretta|https://www.dermstore.com/profile_Dr.+Loretta_500976.htm
Dr. Marder|https://www.dermstore.com/profile_Dr.+Marder_503421.htm
Dr. Michelle Copeland Skin Care|https://www.dermstore.com/profile_Dr.+Michelle+Copeland+Skin+Care_500203.htm
Dr. PAWPAW|https://www.dermstore.com/profile_Dr.+PAWPAW_504282.htm
Dremu|https://www.dermstore.com/profile_Dremu_500582.htm
Drunk Elephant|https://www.dermstore.com/profile_Drunk+Elephant_503245.htm
DS Laboratories|https://www.dermstore.com/profile_DS+Laboratories_500118.htm
Ducray|https://www.dermstore.com/profile_Ducray_504599.htm
DuWop|https://www.dermstore.com/profile_DuWop_500911.htm
Eight & Bob|https://www.dermstore.com/profile_Eight+Bob_504758.htm
Elemental Herbology|https://www.dermstore.com/profile_Elemental+Herbology_501977.htm
Elemis|https://www.dermstore.com/profile_Elemis_500711.htm
Elizabeth Arden|https://www.dermstore.com/profile_Elizabeth+Arden_502828.htm
Ellis Faas|https://www.dermstore.com/profile_Ellis+Faas_501997.htm
Elon|https://www.dermstore.com/profile_Elon_100106.htm
EltaMD|https://www.dermstore.com/profile_EltaMD_500300.htm
Elvie|https://www.dermstore.com/profile_Elvie_504811.htm
EMANI|https://www.dermstore.com/profile_EMANI_502643.htm
Embryolisse|https://www.dermstore.com/profile_Embryolisse_502684.htm
emerginC|https://www.dermstore.com/profile_emerginC_501168.htm
Eminence Organic Skin Care|https://www.dermstore.com/profile_Eminence+Organic+Skin+Care_500221.htm
EMK Beverly Hills|https://www.dermstore.com/profile_EMK+Beverly+Hills_503815.htm
Emuaid|https://www.dermstore.com/profile_Emuaid_502301.htm
Enessa|https://www.dermstore.com/profile_Enessa_501532.htm
Epionce|https://www.dermstore.com/profile_Epionce_501692.htm
Era Face|https://www.dermstore.com/profile_Era+Face_502348.htm
Erno Laszlo|https://www.dermstore.com/profile_Erno+Laszlo_502038.htm
Essie|https://www.dermstore.com/profile_Essie_501826.htm
Ethocyn by chanTal|https://www.dermstore.com/profile_Ethocyn+by+chanTal_502155.htm
EVE LOM|https://www.dermstore.com/profile_EVE+LOM_502634.htm
EVOLVh|https://www.dermstore.com/profile_EVOLVh_501832.htm
Exuviance|https://www.dermstore.com/profile_Exuviance_100115.htm
Eyeko|https://www.dermstore.com/profile_Eyeko_503272.htm
Face Stockholm|https://www.dermstore.com/profile_Face+Stockholm_502230.htm
Fake Bake|https://www.dermstore.com/profile_Fake+Bake_500064.htm
FarmHouse Fresh|https://www.dermstore.com/profile_FarmHouse+Fresh_501811.htm
Fekkai|https://www.dermstore.com/profile_Fekkai_500886.htm
Fiera|https://www.dermstore.com/profile_Fiera_504091.htm
Fillerina|https://www.dermstore.com/profile_Fillerina_504812.htm
Filorga|https://www.dermstore.com/profile_Filorga_504215.htm
First Aid Beauty|https://www.dermstore.com/profile_First+Aid+Beauty_502325.htm
Follimedica|https://www.dermstore.com/profile_Follimedica_502792.htm
Follique|https://www.dermstore.com/profile_Follique_100125.htm
FOREO|https://www.dermstore.com/profile_FOREO_503032.htm
Freeze 24-7|https://www.dermstore.com/profile_Freeze+24-7_500084.htm
Frownies|https://www.dermstore.com/profile_Frownies_500781.htm
Fungal Free Nails|https://www.dermstore.com/profile_Fungal+Free+Nails_501271.htm
Fusion Beauty|https://www.dermstore.com/profile_Fusion+Beauty_500125.htm
Game Day Skincare|https://www.dermstore.com/profile_Game+Day+Skincare_503107.htm
Gehwol Foot Care|https://www.dermstore.com/profile_Gehwol+Foot+Care_502707.htm
Gerard Cosmetics|https://www.dermstore.com/profile_Gerard+Cosmetics_504375.htm
Ginger and Liz Colour Collection|https://www.dermstore.com/profile_Ginger+and+Liz+Colour+Collection_502223.htm
GlamGlow|https://www.dermstore.com/profile_GlamGlow_502028.htm
Glampalm|https://www.dermstore.com/profile_Glampalm_503986.htm
GliSODin Skin Nutrients|https://www.dermstore.com/profile_GliSODin+Skin+Nutrients_504355.htm
GLO Science|https://www.dermstore.com/profile_GLO+Science_503923.htm
gloessentials|https://www.dermstore.com/profile_gloessentials_503080.htm
glominerals|https://www.dermstore.com/profile_glominerals_100135.htm
GLOSS Moderne|https://www.dermstore.com/profile_GLOSS+Moderne_502199.htm
glotherapeutics|https://www.dermstore.com/profile_glotherapeutics_501317.htm
Glow|https://www.dermstore.com/profile_Glow_500106.htm
GLOWBIOTICS MD|https://www.dermstore.com/profile_GLOWBIOTICS+MD_502862.htm
Glycolix Elite|https://www.dermstore.com/profile_Glycolix+Elite_100173.htm
GlyDerm|https://www.dermstore.com/profile_GlyDerm_100123.htm
Glytone|https://www.dermstore.com/profile_Glytone_100043.htm
Goldfaden MD|https://www.dermstore.com/profile_Goldfaden+MD_500669.htm
Grooming Lounge|https://www.dermstore.com/profile_Grooming+Lounge_501925.htm
Gucci|https://www.dermstore.com/profile_Gucci_501456.htm
Guinot|https://www.dermstore.com/profile_Guinot_500284.htm
H2O+ Beauty|https://www.dermstore.com/profile_H2O%2B+Beauty_504558.htm
hairdo. by HairUWear|https://www.dermstore.com/profile_hairdo.+by+HairUWear_503940.htm
Hampton Sun|https://www.dermstore.com/profile_Hampton+Sun_501432.htm
Harry Josh Pro Tools|https://www.dermstore.com/profile_Harry+Josh+Pro+Tools_502561.htm
Heliocare|https://www.dermstore.com/profile_Heliocare_501237.htm
Herbivore Botanicals|https://www.dermstore.com/profile_Herbivore+Botanicals_504214.htm
Hey Honey|https://www.dermstore.com/profile_Hey+Honey_503438.htm
Honest Beauty|https://www.dermstore.com/profile_Honest+Beauty_504309.htm
Hot Tools|https://www.dermstore.com/profile_Hot+Tools_502255.htm
Hot Tresses|https://www.dermstore.com/profile_Hot+Tresses_504600.htm
HUM Nutrition|https://www.dermstore.com/profile_HUM+Nutrition_504076.htm
HydroPeptide|https://www.dermstore.com/profile_HydroPeptide_500341.htm
Hydroxatone|https://www.dermstore.com/profile_Hydroxatone_500082.htm
ila-spa|https://www.dermstore.com/profile_ila-spa_502227.htm
ilike Organic Skin Care|https://www.dermstore.com/profile_ilike+Organic+Skin+Care_502001.htm
Illuminare|https://www.dermstore.com/profile_Illuminare_500425.htm
Indie Lee|https://www.dermstore.com/profile_Indie+Lee_502733.htm
Infinity Sun|https://www.dermstore.com/profile_Infinity+Sun_501513.htm
Intelligent Beauty Labs|https://www.dermstore.com/profile_Intelligent+Beauty+Labs_501931.htm
Intelligent Nutrients|https://www.dermstore.com/profile_Intelligent+Nutrients_502647.htm
iS Clinical|https://www.dermstore.com/profile_iS+Clinical_500480.htm
Jack Black|https://www.dermstore.com/profile_Jack+Black_100176.htm
James Read Tan|https://www.dermstore.com/profile_James+Read+Tan_504157.htm
Jan Marini|https://www.dermstore.com/profile_Jan+Marini_100146.htm
jane iredale|https://www.dermstore.com/profile_jane+iredale_100098.htm
Japonesque|https://www.dermstore.com/profile_Japonesque_501847.htm
JeNu|https://www.dermstore.com/profile_JeNu_502761.htm
Joanna Vargas|https://www.dermstore.com/profile_Joanna+Vargas_502745.htm
John Masters Organics|https://www.dermstore.com/profile_John+Masters+Organics_500701.htm
Jonathan Product|https://www.dermstore.com/profile_Jonathan+Product_500505.htm
Jouer Cosmetics|https://www.dermstore.com/profile_Jouer+Cosmetics_503969.htm
Joya|https://www.dermstore.com/profile_Joya_503012.htm
Juara|https://www.dermstore.com/profile_Juara_500452.htm
Juice Beauty|https://www.dermstore.com/profile_Juice+Beauty_500174.htm
Julie Hewett Los Angeles|https://www.dermstore.com/profile_Julie+Hewett+Los+Angeles_501061.htm
Julien Farel Haircare|https://www.dermstore.com/profile_Julien+Farel+Haircare_502514.htm
Juliette Has A Gun|https://www.dermstore.com/profile_Juliette+Has+A+Gun_502966.htm
June Jacobs|https://www.dermstore.com/profile_June+Jacobs_501122.htm
Jurlique|https://www.dermstore.com/profile_Jurlique_501849.htm
Kahina Giving Beauty|https://www.dermstore.com/profile_Kahina+Giving+Beauty_503156.htm
kai|https://www.dermstore.com/profile_kai_502328.htm
KALLÈIS|https://www.dermstore.com/profile_KALLEIS_503849.htm
KAPLAN MD|https://www.dermstore.com/profile_KAPLAN+MD_501227.htm
Karin Herzog|https://www.dermstore.com/profile_Karin+Herzog_500686.htm
Karuna|https://www.dermstore.com/profile_Karuna_500095.htm
Kat Burki|https://www.dermstore.com/profile_Kat+Burki_503004.htm
Kate Somerville|https://www.dermstore.com/profile_Kate+Somerville_504331.htm
Ken Paves|https://www.dermstore.com/profile_Ken+Paves_501266.htm
Keranique|https://www.dermstore.com/profile_Keranique_501735.htm
Kerstin Florian|https://www.dermstore.com/profile_Kerstin+Florian_500961.htm
Kevyn Aucoin|https://www.dermstore.com/profile_Kevyn+Aucoin_500665.htm
Klorane|https://www.dermstore.com/profile_Klorane_500662.htm
Kneipp|https://www.dermstore.com/profile_Kneipp_503009.htm
Koh Gen Do|https://www.dermstore.com/profile_Koh+Gen+Do_502738.htm
Korres|https://www.dermstore.com/profile_Korres_504350.htm
L'Occitane|https://www.dermstore.com/profile_LOccitane_500070.htm
La Bella Donna|https://www.dermstore.com/profile_La+Bella+Donna_500202.htm
La Roche-Posay|https://www.dermstore.com/profile_La+Roche-Posay_100090.htm
Lab Series|https://www.dermstore.com/profile_Lab+Series_501689.htm
LaLicious|https://www.dermstore.com/profile_LaLicious_501427.htm
Lancer Skincare|https://www.dermstore.com/profile_Lancer+Skincare_504231.htm
LAQA and Co.|https://www.dermstore.com/profile_LAQA+and+Co._501717.htm
LashFOOD|https://www.dermstore.com/profile_LashFOOD_503884.htm
Laura Geller New York|https://www.dermstore.com/profile_Laura+Geller+New+York_500710.htm
Lauren B. Beauty|https://www.dermstore.com/profile_Lauren+B.+Beauty_503045.htm
LAVANILA|https://www.dermstore.com/profile_LAVANILA_501724.htm
Le Couvent des Minimes|https://www.dermstore.com/profile_Le+Couvent+des+Minimes_502628.htm
Le Metier de Beaute|https://www.dermstore.com/profile_Le+Metier+de+Beaute_502465.htm
Leonor Greyl|https://www.dermstore.com/profile_Leonor+Greyl_502198.htm
Library of Flowers|https://www.dermstore.com/profile_Library+of+Flowers_504650.htm
Lierac Paris|https://www.dermstore.com/profile_Lierac+Paris_501119.htm
Lifeline Skin Care|https://www.dermstore.com/profile_Lifeline+Skin+Care_502539.htm
LIFTLAB Skin Rejuvenation|https://www.dermstore.com/profile_LIFTLAB+Skin+Rejuvenation_504156.htm
LightStim|https://www.dermstore.com/profile_LightStim_501515.htm
lilah b.|https://www.dermstore.com/profile_lilah+b._504613.htm
Lilly Lashes|https://www.dermstore.com/profile_Lilly+Lashes_504796.htm
Lime Crime|https://www.dermstore.com/profile_Lime+Crime_504761.htm
Lipstick Queen|https://www.dermstore.com/profile_Lipstick+Queen_504030.htm
Liquid Keratin|https://www.dermstore.com/profile_Liquid+Keratin_502219.htm
LiQWD|https://www.dermstore.com/profile_LiQWD_502208.htm
LoLLIA|https://www.dermstore.com/profile_LoLLIA_503015.htm
London Brush Company|https://www.dermstore.com/profile_London+Brush+Company_502509.htm
Londontown|https://www.dermstore.com/profile_Londontown_502686.htm
LORAC Cosmetics|https://www.dermstore.com/profile_LORAC+Cosmetics_501042.htm
LumaBella|https://www.dermstore.com/profile_LumaBella_504605.htm
LumaRx|https://www.dermstore.com/profile_LumaRx_503559.htm
Lumene|https://www.dermstore.com/profile_Lumene_501175.htm
Luzern Laboratories|https://www.dermstore.com/profile_Luzern+Laboratories_500893.htm
M. Steves|https://www.dermstore.com/profile_M.+Steves_503848.htm
Macadamia Professional|https://www.dermstore.com/profile_Macadamia+Professional_503030.htm
Makeup Eraser|https://www.dermstore.com/profile_Makeup+Eraser_503967.htm
MakeupDrop|https://www.dermstore.com/profile_MakeupDrop_504795.htm
Mama Mio|https://www.dermstore.com/profile_Mama+Mio_500689.htm
Manna Kadar Cosmetics|https://www.dermstore.com/profile_Manna+Kadar+Cosmetics_502138.htm
Marvis|https://www.dermstore.com/profile_Marvis_502458.htm
Mason Pearson|https://www.dermstore.com/profile_Mason+Pearson_500379.htm
Masqueology|https://www.dermstore.com/profile_Masqueology_502262.htm
Matis Paris|https://www.dermstore.com/profile_Matis+Paris_500581.htm
Maxilip|https://www.dermstore.com/profile_Maxilip_502590.htm
MD|https://www.dermstore.com/profile_MD_500643.htm
md formulations|https://www.dermstore.com/profile_md+formulations_503244.htm
MDSolarSciences|https://www.dermstore.com/profile_MDSolarSciences_502210.htm
Mederma|https://www.dermstore.com/profile_Mederma_100151.htm
Medicell Labs|https://www.dermstore.com/profile_Medicell+Labs_502681.htm
Menaji|https://www.dermstore.com/profile_Menaji_500925.htm
Menscience Androceuticals|https://www.dermstore.com/profile_Menscience+Androceuticals_500866.htm
Mesoestetic|https://www.dermstore.com/profile_Mesoestetic_500709.htm
michael marcus cosmetics|https://www.dermstore.com/profile_michael+marcus+cosmetics_503103.htm
Mineral Essence|https://www.dermstore.com/profile_Mineral+Essence_500149.htm
Mineral Fusion|https://www.dermstore.com/profile_Mineral+Fusion_501001.htm
Mio|https://www.dermstore.com/profile_Mio_502992.htm
Mirabella|https://www.dermstore.com/profile_Mirabella_502082.htm
Miracle Skin Transformer|https://www.dermstore.com/profile_Miracle+Skin+Transformer_501606.htm
Miss Jessie's|https://www.dermstore.com/profile_Miss+Jessies_502310.htm
Murad|https://www.dermstore.com/profile_Murad_100142.htm
Mustela|https://www.dermstore.com/profile_Mustela_500262.htm
My Prime|https://www.dermstore.com/profile_My+Prime_502569.htm
My Skin Mentor Dr. G|https://www.dermstore.com/profile_My+Skin+Mentor+Dr.+G_503947.htm
MyChelle Dermaceuticals|https://www.dermstore.com/profile_MyChelle+Dermaceuticals_501663.htm
myface cosmetics|https://www.dermstore.com/profile_myface+cosmetics_502094.htm
Nailtiques|https://www.dermstore.com/profile_Nailtiques_100051.htm
Napoleon Perdis|https://www.dermstore.com/profile_Napoleon+Perdis_500674.htm
NCLA|https://www.dermstore.com/profile_NCLA_502704.htm
NeoCutis|https://www.dermstore.com/profile_NeoCutis_500517.htm
NeoStrata|https://www.dermstore.com/profile_NeoStrata_100114.htm
Neova|https://www.dermstore.com/profile_Neova_100120.htm
neuLash|https://www.dermstore.com/profile_neuLash_501220.htm
NEUMA|https://www.dermstore.com/profile_NEUMA_502791.htm
Nia 24|https://www.dermstore.com/profile_Nia+24_500676.htm
Nick Chavez|https://www.dermstore.com/profile_Nick+Chavez_500807.htm
Nomaterra|https://www.dermstore.com/profile_Nomaterra_502588.htm
Noodle and Boo|https://www.dermstore.com/profile_Noodle+and+Boo_501129.htm
NuBrilliance|https://www.dermstore.com/profile_NuBrilliance_501568.htm
NuCelle|https://www.dermstore.com/profile_NuCelle_500376.htm
NuFACE|https://www.dermstore.com/profile_NuFACE_500214.htm
Nurse Jamie|https://www.dermstore.com/profile_Nurse+Jamie_504089.htm
NutraLuxe MD|https://www.dermstore.com/profile_NutraLuxe+MD_501311.htm
NUXE|https://www.dermstore.com/profile_NUXE_500211.htm
NYX|https://www.dermstore.com/profile_NYX_502705.htm
O.R.G Skincare|https://www.dermstore.com/profile_O.R.G+Skincare_502983.htm
Obagi|https://www.dermstore.com/profile_Obagi_100108.htm
OC Eight|https://www.dermstore.com/profile_OC+Eight_500097.htm
Olga Lorencin Skin Care|https://www.dermstore.com/profile_Olga+Lorencin+Skin+Care_500815.htm
OLIVINA MEN|https://www.dermstore.com/profile_OLIVINA+MEN_504386.htm
One Love Organics|https://www.dermstore.com/profile_One+Love+Organics_502120.htm
ORA|https://www.dermstore.com/profile_ORA_503809.htm
ORGAID|https://www.dermstore.com/profile_ORGAID_504384.htm
Original Sprout|https://www.dermstore.com/profile_Original+Sprout_502212.htm
Oscar Blandi|https://www.dermstore.com/profile_Oscar+Blandi_500882.htm
Osmosis Colour|https://www.dermstore.com/profile_Osmosis+Colour_502211.htm
Osmosis Pur Medical Skincare|https://www.dermstore.com/profile_Osmosis+Pur+Medical+Skincare_502209.htm
Osmotics|https://www.dermstore.com/profile_Osmotics_500320.htm
Ouidad|https://www.dermstore.com/profile_Ouidad_502991.htm
Oxygenetix|https://www.dermstore.com/profile_Oxygenetix_501994.htm
Pacifica|https://www.dermstore.com/profile_Pacifica_502661.htm
Pangea Organics|https://www.dermstore.com/profile_Pangea+Organics_501063.htm
patchology|https://www.dermstore.com/profile_patchology_503786.htm
Paul and Joe Beaute|https://www.dermstore.com/profile_Paul+and+Joe+Beaute_500892.htm
Paula Dorf|https://www.dermstore.com/profile_Paula+Dorf_500270.htm
Paula's Choice|https://www.dermstore.com/profile_Paulas+Choice_502830.htm
PCA Skin|https://www.dermstore.com/profile_PCA+Skin_100137.htm
Penhaligon's|https://www.dermstore.com/profile_Penhaligons_503017.htm
Per-fekt Beauty|https://www.dermstore.com/profile_Per-fekt+Beauty_500736.htm
Perfect Formula|https://www.dermstore.com/profile_Perfect+Formula_503996.htm
PerioSciences|https://www.dermstore.com/profile_PerioSciences_501744.htm
Perricone MD|https://www.dermstore.com/profile_Perricone+MD_500365.htm
Peter Thomas Roth|https://www.dermstore.com/profile_Peter+Thomas+Roth_100157.htm
Pevonia Botanica|https://www.dermstore.com/profile_Pevonia+Botanica_100110.htm
PFB Vanish|https://www.dermstore.com/profile_PFB+Vanish_501060.htm
pH Advantage|https://www.dermstore.com/profile_pH+Advantage_500092.htm
Pharmaceutical Specialties|https://www.dermstore.com/profile_Pharmaceutical+Specialties_100103.htm
Philip B.|https://www.dermstore.com/profile_Philip+B._501072.htm
Phyto|https://www.dermstore.com/profile_Phyto_501946.htm
Phytomer|https://www.dermstore.com/profile_Phytomer_100023.htm
Pixi by Petra|https://www.dermstore.com/profile_Pixi+by+Petra_501858.htm
PMD|https://www.dermstore.com/profile_PMD_501148.htm
Pop Beauty|https://www.dermstore.com/profile_Pop+Beauty_500714.htm
Prax Lotion|https://www.dermstore.com/profile_Prax+Lotion_100057.htm
PRESCRIBEDsolutions|https://www.dermstore.com/profile_PRESCRIBEDsolutions_500361.htm
Prim Botanicals|https://www.dermstore.com/profile_Prim+Botanicals_504345.htm
PRIORI|https://www.dermstore.com/profile_PRIORI_501101.htm
Prive|https://www.dermstore.com/profile_Prive_502213.htm
Profile 4 Men|https://www.dermstore.com/profile_Profile+4+Men_504148.htm
Proraso|https://www.dermstore.com/profile_Proraso_502450.htm
Prtty Peaushun|https://www.dermstore.com/profile_Prtty+Peaushun_502220.htm
pulsaderm|https://www.dermstore.com/profile_pulsaderm_503738.htm
PUR|https://www.dermstore.com/profile_PUR_501236.htm
Pur-lisse|https://www.dermstore.com/profile_Pur-lisse_500757.htm
PURECODE|https://www.dermstore.com/profile_PURECODE_504308.htm
Pyratine|https://www.dermstore.com/profile_Pyratine_501601.htm
Racinne|https://www.dermstore.com/profile_Racinne_502556.htm
Radical Skincare|https://www.dermstore.com/profile_Radical+Skincare_502039.htm
Radx|https://www.dermstore.com/profile_Radx_503937.htm
Rahua|https://www.dermstore.com/profile_Rahua_501881.htm
Rapid Lash|https://www.dermstore.com/profile_Rapid+Lash_500748.htm
Raw Natural Beauty|https://www.dermstore.com/profile_Raw+Natural+Beauty_500692.htm
Raw Spirit|https://www.dermstore.com/profile_Raw+Spirit_503496.htm
Red Flower|https://www.dermstore.com/profile_Red+Flower_503316.htm
ReFa|https://www.dermstore.com/profile_ReFa_502423.htm
Refinity Skin Science|https://www.dermstore.com/profile_Refinity+Skin+Science_100144.htm
RegenePure|https://www.dermstore.com/profile_RegenePure_501324.htm
Rejuvi|https://www.dermstore.com/profile_Rejuvi_500521.htm
Remington|https://www.dermstore.com/profile_Remington_503931.htm
REN|https://www.dermstore.com/profile_REN_501846.htm
Rene Furterer|https://www.dermstore.com/profile_Rene+Furterer_500489.htm
Renessence|https://www.dermstore.com/profile_Renessence_503839.htm
Repechage|https://www.dermstore.com/profile_Repechage_501974.htm
Replenix|https://www.dermstore.com/profile_Replenix_100171.htm
Retrospect|https://www.dermstore.com/profile_Retrospect_502342.htm
Revaleskin|https://www.dermstore.com/profile_Revaleskin_500481.htm
REVERIE|https://www.dermstore.com/profile_REVERIE_503966.htm
Revision|https://www.dermstore.com/profile_Revision_500087.htm
RevitaLash|https://www.dermstore.com/profile_RevitaLash_501073.htm
reVive Light Therapy|https://www.dermstore.com/profile_reVive+Light+Therapy_502980.htm
Revivogen|https://www.dermstore.com/profile_Revivogen_500378.htm
Riiviva|https://www.dermstore.com/profile_Riiviva_502754.htm
Rita Hazan|https://www.dermstore.com/profile_Rita+Hazan_503083.htm
RMS Beauty|https://www.dermstore.com/profile_RMS+Beauty_501998.htm
Rodial|https://www.dermstore.com/profile_Rodial_500687.htm
Rosacea Care|https://www.dermstore.com/profile_Rosacea+Care_500114.htm
Rouge Bunny Rouge|https://www.dermstore.com/profile_Rouge+Bunny+Rouge_502958.htm
Royal Apothic|https://www.dermstore.com/profile_Royal+Apothic_502557.htm
Russell Organics|https://www.dermstore.com/profile_Russell+Organics_502538.htm
Sachajuan|https://www.dermstore.com/profile_Sachajuan_502308.htm
Sanitas Skincare|https://www.dermstore.com/profile_Sanitas+Skincare_502142.htm
Scar Heal|https://www.dermstore.com/profile_Scar+Heal_500600.htm
SCIENTIFIC Rx|https://www.dermstore.com/profile_SCIENTIFIC+Rx_501688.htm
Senna Cosmetics|https://www.dermstore.com/profile_Senna+Cosmetics_502103.htm
Serge Normant|https://www.dermstore.com/profile_Serge+Normant_501819.htm
Shaveworks|https://www.dermstore.com/profile_Shaveworks_504255.htm
SHOW Beauty|https://www.dermstore.com/profile_SHOW+Beauty_504606.htm
Sigma Beauty|https://www.dermstore.com/profile_Sigma+Beauty_503304.htm
SilcSkin|https://www.dermstore.com/profile_SilcSkin_502085.htm
SIRCUIT SKIN|https://www.dermstore.com/profile_SIRCUIT+SKIN_500343.htm
Sjal|https://www.dermstore.com/profile_Sjal_500677.htm
SK-II|https://www.dermstore.com/profile_SK-II_503081.htm
SKIN AND CO ROMA|https://www.dermstore.com/profile_SKIN+AND+CO+ROMA_502858.htm
SkinCeuticals|https://www.dermstore.com/profile_SkinCeuticals_100113.htm
SkinClinical|https://www.dermstore.com/profile_SkinClinical_503524.htm
Skindinavia|https://www.dermstore.com/profile_Skindinavia_500994.htm
SkinMedica|https://www.dermstore.com/profile_SkinMedica_100155.htm
SkinTx|https://www.dermstore.com/profile_SkinTx_501055.htm
skyn ICELAND|https://www.dermstore.com/profile_skyn+ICELAND_500096.htm
slip|https://www.dermstore.com/profile_slip_504155.htm
SmartFX|https://www.dermstore.com/profile_SmartFX_502393.htm
Smith & Cult|https://www.dermstore.com/profile_Smith+Cult_504361.htm
Snowberry|https://www.dermstore.com/profile_Snowberry_501918.htm
Sol de Janeiro|https://www.dermstore.com/profile_Sol+de+Janeiro_504799.htm
Solbar|https://www.dermstore.com/profile_Solbar_100062.htm
Soleil Toujours|https://www.dermstore.com/profile_Soleil+Toujours_504559.htm
Somme Institute|https://www.dermstore.com/profile_Somme+Institute_501923.htm
Sonulase|https://www.dermstore.com/profile_Sonulase_504079.htm
Sothys|https://www.dermstore.com/profile_Sothys_500086.htm
South Seas Skincare|https://www.dermstore.com/profile_South+Seas+Skincare_501125.htm
SpaRitual|https://www.dermstore.com/profile_SpaRitual_500993.htm
Squigle|https://www.dermstore.com/profile_Squigle_100091.htm
St. Tropez|https://www.dermstore.com/profile_St.+Tropez_501857.htm
Stanley Jacobs M.D. Skin Care|https://www.dermstore.com/profile_Stanley+Jacobs+M.D.+Skin+Care_501613.htm
Stila Cosmetics|https://www.dermstore.com/profile_Stila+Cosmetics_500738.htm
StriVectin|https://www.dermstore.com/profile_StriVectin_100167.htm
suki|https://www.dermstore.com/profile_suki_501123.htm
Sultra|https://www.dermstore.com/profile_Sultra_502608.htm
Summers Laboratories|https://www.dermstore.com/profile_Summers+Laboratories_100161.htm
Sun Bum|https://www.dermstore.com/profile_Sun+Bum_502338.htm
Sundari|https://www.dermstore.com/profile_Sundari_500099.htm
Sunday Riley|https://www.dermstore.com/profile_Sunday+Riley_502043.htm
Suntegrity Skincare|https://www.dermstore.com/profile_Suntegrity+Skincare_502645.htm
Supergoop!|https://www.dermstore.com/profile_Supergoop_501690.htm
Supersmile|https://www.dermstore.com/profile_Supersmile_500318.htm
Susan Posnick|https://www.dermstore.com/profile_Susan+Posnick_501110.htm
SW Basics|https://www.dermstore.com/profile_SW+Basics_502713.htm
T3|https://www.dermstore.com/profile_T3_501012.htm
TALIKA|https://www.dermstore.com/profile_TALIKA_500299.htm
Tammy Fender|https://www.dermstore.com/profile_Tammy+Fender_501944.htm
Tangle Teezer|https://www.dermstore.com/profile_Tangle+Teezer_504278.htm
TanTowel|https://www.dermstore.com/profile_TanTowel_500319.htm
Tarina Tarantino|https://www.dermstore.com/profile_Tarina+Tarantino_502576.htm
Tarte Cosmetics|https://www.dermstore.com/profile_Tarte+Cosmetics_500664.htm
Task Essential|https://www.dermstore.com/profile_Task+Essential_503298.htm
Tend Skin|https://www.dermstore.com/profile_Tend+Skin_502344.htm
Tendu|https://www.dermstore.com/profile_Tendu_502332.htm
Thairapy 365|https://www.dermstore.com/profile_Thairapy+365_502258.htm
The Art of Shaving|https://www.dermstore.com/profile_The+Art+of+Shaving_501511.htm
The Beachwaver® Co.|https://www.dermstore.com/profile_The+Beachwaver+Co._502307.htm
The Better Skin Co.|https://www.dermstore.com/profile_The+Better+Skin+Co._504258.htm
The BrowGal By Tonya Crooks|https://www.dermstore.com/profile_The+BrowGal+By+Tonya+Crooks_502565.htm
The Honest Company|https://www.dermstore.com/profile_The+Honest+Company_504311.htm
The Kama Sutra Company|https://www.dermstore.com/profile_The+Kama+Sutra+Company_503483.htm
The Organic Pharmacy|https://www.dermstore.com/profile_The+Organic+Pharmacy_504767.htm
The Refinery|https://www.dermstore.com/profile_The+Refinery_503945.htm
The Wet Brush|https://www.dermstore.com/profile_The+Wet+Brush_502429.htm
theBalm|https://www.dermstore.com/profile_theBalm_100169.htm
Theraplex|https://www.dermstore.com/profile_Theraplex_501270.htm
Therapy-G|https://www.dermstore.com/profile_Therapy-G_502555.htm
This Works|https://www.dermstore.com/profile_This+Works_504269.htm
TIGI|https://www.dermstore.com/profile_TIGI_502461.htm
Tocca Beauty|https://www.dermstore.com/profile_Tocca+Beauty_500345.htm
TokyoMilk|https://www.dermstore.com/profile_TokyoMilk_503018.htm
TokyoMilk Dark|https://www.dermstore.com/profile_TokyoMilk+Dark_503020.htm
Topix|https://www.dermstore.com/profile_Topix_500934.htm
Toppik|https://www.dermstore.com/profile_Toppik_502279.htm
Total Block|https://www.dermstore.com/profile_Total+Block_502015.htm
Triumph and Disaster|https://www.dermstore.com/profile_Triumph+and+Disaster_502648.htm
Trophy Skin|https://www.dermstore.com/profile_Trophy+Skin_500098.htm
TULA Skincare|https://www.dermstore.com/profile_TULA+Skincare_504373.htm
Tweezerman|https://www.dermstore.com/profile_Tweezerman_500066.htm
TwinLuxe|https://www.dermstore.com/profile_TwinLuxe_501572.htm
UltraLuxe|https://www.dermstore.com/profile_UltraLuxe_500506.htm
UNSUN|https://www.dermstore.com/profile_UNSUN_504328.htm
Ursa Major|https://www.dermstore.com/profile_Ursa+Major_504322.htm
Urth|https://www.dermstore.com/profile_Urth_501949.htm
V76 by Vaughn|https://www.dermstore.com/profile_V76+by+Vaughn_504359.htm
Vapour Organic Beauty|https://www.dermstore.com/profile_Vapour+Organic+Beauty_502229.htm
VENeffect|https://www.dermstore.com/profile_VENeffect_503646.htm
Verso|https://www.dermstore.com/profile_Verso_502844.htm
VI Derm|https://www.dermstore.com/profile_VI+Derm_503974.htm
Vichy|https://www.dermstore.com/profile_Vichy_500984.htm
Vie Collection|https://www.dermstore.com/profile_Vie+Collection+_501640.htm
Vincent Longo|https://www.dermstore.com/profile_Vincent+Longo_501927.htm
Vita Liberata|https://www.dermstore.com/profile_Vita+Liberata_504237.htm
VitaMedica|https://www.dermstore.com/profile_VitaMedica_501111.htm
Vivant Skin Care|https://www.dermstore.com/profile_Vivant+Skin+Care_501919.htm
VivierSkin|https://www.dermstore.com/profile_VivierSkin_500673.htm
Viviscal|https://www.dermstore.com/profile_Viviscal_500089.htm
VMV Hypoallergenics|https://www.dermstore.com/profile_VMV+Hypoallergenics_500968.htm
VOTIVO|https://www.dermstore.com/profile_VOTIVO_502763.htm
W3LL PEOPLE|https://www.dermstore.com/profile_W3LL+PEOPLE_501348.htm
WEI|https://www.dermstore.com/profile_WEI_502656.htm
Wei East|https://www.dermstore.com/profile_Wei+East_502657.htm
Weleda|https://www.dermstore.com/profile_Weleda_501804.htm
wHet|https://www.dermstore.com/profile_wHet_502104.htm
Whish|https://www.dermstore.com/profile_Whish_500667.htm
Wrinkles Schminkles|https://www.dermstore.com/profile_Wrinkles+Schminkles_504330.htm
XEN-TAN|https://www.dermstore.com/profile_XEN-TAN_500954.htm
Yon-Ka|https://www.dermstore.com/profile_Yon-Ka_500067.htm
Youth to the People|https://www.dermstore.com/profile_Youth+to+the+People_504294.htm
Yu-Be|https://www.dermstore.com/profile_Yu-Be_500276.htm
Z. Bigatti|https://www.dermstore.com/profile_Z.+Bigatti_500075.htm
Zents|https://www.dermstore.com/profile_Zents_500283.htm
Zirh|https://www.dermstore.com/profile_Zirh_500810.htm
Zoe Organics|https://www.dermstore.com/profile_Zoe+Organics_504090.htm