#Abercrombie & Fitch|https://www.perfumesclub.co.uk/en/abercrombie--fitch/m/
#Abril Et Nature|https://www.perfumesclub.co.uk/en/abril-et-nature/m/
#Acqua Di Parma|https://www.perfumesclub.co.uk/en/acqua-di-parma/m/
#Adidas|https://www.perfumesclub.co.uk/en/adidas/m/
#Adolfo Dominguez|https://www.perfumesclub.co.uk/en/adolfo-dominguez/m/
#Aeg|https://www.perfumesclub.co.uk/en/aeg/m/
#Agatha Ruiz De La Prada|https://www.perfumesclub.co.uk/en/agatha-ruiz-de-la-prada/m/
#Agave|https://www.perfumesclub.co.uk/en/agave/m/
#Agent Provocateur|https://www.perfumesclub.co.uk/en/agent-provocateur/m/
#Agrado|https://www.perfumesclub.co.uk/en/agrado/m/
#Agrocosmetic|https://www.perfumesclub.co.uk/en/agrocosmetic/m/
#Agua Lavanda|https://www.perfumesclub.co.uk/en/agua-lavanda/m/
#Aigner Parfums|https://www.perfumesclub.co.uk/en/aigner-parfums/m/
#Aire Sevilla|https://www.perfumesclub.co.uk/en/aire-sevilla/m/
#Air-wick|https://www.perfumesclub.co.uk/en/air-wick/m/
#Alaïa|https://www.perfumesclub.co.uk/en/alaia/m/
#Alexandre Cosmetics|https://www.perfumesclub.co.uk/en/alexandre-cosmetics/m/
#Algasiv|https://www.perfumesclub.co.uk/en/algasiv/m/
#All Sins 18k|https://www.perfumesclub.co.uk/en/all-sins-18k/m/
#Alqvimia|https://www.perfumesclub.co.uk/en/alqvimia/m/
#Alterna|https://www.perfumesclub.co.uk/en/alterna/m/
#Alvarez Gomez|https://www.perfumesclub.co.uk/en/alvarez-gomez/m/
#Alyssa Ashley|https://www.perfumesclub.co.uk/en/alyssa-ashley/m/
#Ambi Pur|https://www.perfumesclub.co.uk/en/ambi-pur/m/
#American Crew|https://www.perfumesclub.co.uk/en/american-crew/m/
#Amouage|https://www.perfumesclub.co.uk/en/amouage/m/
#Angel Schlesser|https://www.perfumesclub.co.uk/en/angel-schlesser/m/
#Angry Birds|https://www.perfumesclub.co.uk/en/angry-birds/m/
#Anian|https://www.perfumesclub.co.uk/en/anian/m/
#Anna Sui|https://www.perfumesclub.co.uk/en/anna-sui/m/
#Anne Möller|https://www.perfumesclub.co.uk/en/anne-moller-802/m/
#Antonio Banderas|https://www.perfumesclub.co.uk/en/antonio-banderas/m/
#Aquolina|https://www.perfumesclub.co.uk/en/aquolina/m/
#Aramis|https://www.perfumesclub.co.uk/en/aramis/m/
#Aramis Lab Series|https://www.perfumesclub.co.uk/en/aramis-lab-series/m/
#Arganour|https://www.perfumesclub.co.uk/en/arganour/m/
#Armand Basi|https://www.perfumesclub.co.uk/en/armand-basi/m/
#Armani|https://www.perfumesclub.co.uk/en/armani/m/
#Armani Make-up|https://www.perfumesclub.co.uk/en/armani-make-up/m/
#Arnette|https://www.perfumesclub.co.uk/en/arnette/m/
#Artdeco|https://www.perfumesclub.co.uk/en/artdeco/m/
#Artero|https://www.perfumesclub.co.uk/en/artero/m/
#Aseptine|https://www.perfumesclub.co.uk/en/aseptine/m/
#Astor|https://www.perfumesclub.co.uk/en/astor/m/
#Atkinsons|https://www.perfumesclub.co.uk/en/atkinsons/m/
#Atrix|https://www.perfumesclub.co.uk/en/atrix/m/
#Ausonia|https://www.perfumesclub.co.uk/en/ausonia/m/
#Aussie|https://www.perfumesclub.co.uk/en/aussie/m/
#Autan|https://www.perfumesclub.co.uk/en/autan/m/
#Aveda|https://www.perfumesclub.co.uk/en/aveda/m/
Avena Kinesia|https://www.perfumesclub.co.uk/en/avena-kinesia/m/
Avène|https://www.perfumesclub.co.uk/en/avene/m/
Axe|https://www.perfumesclub.co.uk/en/axe/m/
Azalea|https://www.perfumesclub.co.uk/en/azalea/m/
Azufre Veri|https://www.perfumesclub.co.uk/en/azufre-veri/m/
Azzaro|https://www.perfumesclub.co.uk/en/azzaro/m/
Babaria|https://www.perfumesclub.co.uk/en/babaria/m/
Babyliss|https://www.perfumesclub.co.uk/en/babyliss/m/
Badedas|https://www.perfumesclub.co.uk/en/badedas/m/
Bain De Terre|https://www.perfumesclub.co.uk/en/bain-de-terre/m/
Balenciaga|https://www.perfumesclub.co.uk/en/balenciaga/m/
Balmain|https://www.perfumesclub.co.uk/en/balmain/m/
Barbie|https://www.perfumesclub.co.uk/en/barbie/m/
Batiste|https://www.perfumesclub.co.uk/en/batiste/m/
Beauty Blender|https://www.perfumesclub.co.uk/en/beauty-blender/m/
Bel|https://www.perfumesclub.co.uk/en/bel/m/
Bella Aurora|https://www.perfumesclub.co.uk/en/bella-aurora/m/
Belman|https://www.perfumesclub.co.uk/en/belman/m/
Benetton|https://www.perfumesclub.co.uk/en/benetton-1039/m/
Bentley|https://www.perfumesclub.co.uk/en/bentley/m/
Beter|https://www.perfumesclub.co.uk/en/beter/m/
Beyu|https://www.perfumesclub.co.uk/en/beyu/m/
Binaca|https://www.perfumesclub.co.uk/en/binaca/m/
Bio Ionic|https://www.perfumesclub.co.uk/en/bio-ionic/m/
Bioderma|https://www.perfumesclub.co.uk/en/bioderma/m/
Bio-oil|https://www.perfumesclub.co.uk/en/bio-oil/m/
Biotherm|https://www.perfumesclub.co.uk/en/biotherm/m/
Blistex|https://www.perfumesclub.co.uk/en/blistex/m/
Blumarine|https://www.perfumesclub.co.uk/en/blumarine/m/
Bomann|https://www.perfumesclub.co.uk/en/bomann/m/
Bonodor|https://www.perfumesclub.co.uk/en/bonodor/m/
Botanicals|https://www.perfumesclub.co.uk/en/loreal-botanicals/m/
Bottega Veneta|https://www.perfumesclub.co.uk/en/bottega-veneta/m/
Boucheron|https://www.perfumesclub.co.uk/en/boucheron/m/
Bourjois|https://www.perfumesclub.co.uk/en/bourjois/m/
Braun|https://www.perfumesclub.co.uk/en/braun/m/
Bref|https://www.perfumesclub.co.uk/en/bref/m/
Brillantina Profesional|https://www.perfumesclub.co.uk/en/brillantina-profesional/m/
Brise|https://www.perfumesclub.co.uk/en/brise/m/
Briseis|https://www.perfumesclub.co.uk/en/briseis/m/
Britney Spears|https://www.perfumesclub.co.uk/en/britney-spears/m/
Broaer|https://www.perfumesclub.co.uk/en/broaer/m/
Bruno Banani|https://www.perfumesclub.co.uk/en/bruno-banani/m/
Brut|https://www.perfumesclub.co.uk/en/brut/m/
Bulldog|https://www.perfumesclub.co.uk/en/bulldog/m/
Burberry|https://www.perfumesclub.co.uk/en/burberry/m/
Bustamante|https://www.perfumesclub.co.uk/en/bustamante/m/
Bvlgari|https://www.perfumesclub.co.uk/en/bvlgari/m/
Byly|https://www.perfumesclub.co.uk/en/byly-953/m/
Cabana Sun|https://www.perfumesclub.co.uk/en/cabana-sun/m/
Cacharel|https://www.perfumesclub.co.uk/en/cacharel/m/
Calber|https://www.perfumesclub.co.uk/en/calber/m/
Calvin Klein|https://www.perfumesclub.co.uk/en/calvin-klein/m/
Camomila Intea|https://www.perfumesclub.co.uk/en/camomila-intea/m/
Carefree|https://www.perfumesclub.co.uk/en/carefree/m/
Carita|https://www.perfumesclub.co.uk/en/carita/m/
Carolina Herrera|https://www.perfumesclub.co.uk/en/carolina-herrera/m/
Carrera|https://www.perfumesclub.co.uk/en/carrera/m/
Cartier|https://www.perfumesclub.co.uk/en/cartier/m/
Cartoon|https://www.perfumesclub.co.uk/en/cartoon/m/
Castelbel|https://www.perfumesclub.co.uk/en/castelbel/m/
Cerruti|https://www.perfumesclub.co.uk/en/cerruti/m/
Chanel|https://www.perfumesclub.co.uk/en/chanel/m/
Chanson D'Eau|https://www.perfumesclub.co.uk/en/chanson-deau/m/
Chevignon|https://www.perfumesclub.co.uk/en/chevignon/m/
Chilly|https://www.perfumesclub.co.uk/en/chilly/m/
Chloe|https://www.perfumesclub.co.uk/en/chloe/m/
Chopard|https://www.perfumesclub.co.uk/en/chopard/m/
Clair Matin|https://www.perfumesclub.co.uk/en/clair-matin/m/
Clarins|https://www.perfumesclub.co.uk/en/clarins/m/
Clatronic|https://www.perfumesclub.co.uk/en/clatronic/m/
Clayeux|https://www.perfumesclub.co.uk/en/clayeux/m/
Clean & Clear|https://www.perfumesclub.co.uk/en/clean--clear/m/
Clinique|https://www.perfumesclub.co.uk/en/clinique/m/
Close-up|https://www.perfumesclub.co.uk/en/close-up/m/
Cloud Nine|https://www.perfumesclub.co.uk/en/cloud-nine/m/
Clynol|https://www.perfumesclub.co.uk/en/comptoir-sud-pacifique/m/
Coach|https://www.perfumesclub.co.uk/en/coach/m/
Colgate|https://www.perfumesclub.co.uk/en/colgate/m/
Collistar|https://www.perfumesclub.co.uk/en/collistar/m/
Comme Des Garçons|https://www.perfumesclub.co.uk/en/comme-des-garcons/m/
Comodynes|https://www.perfumesclub.co.uk/en/comodynes/m/
Concept V Design|https://www.perfumesclub.co.uk/en/concept-v-design/m/
Cosmoplast|https://www.perfumesclub.co.uk/en/cosmoplast/m/
Courreges|https://www.perfumesclub.co.uk/en/courreges/m/
Crazy Color|https://www.perfumesclub.co.uk/en/crazy-color/m/
Creed|https://www.perfumesclub.co.uk/en/creed/m/
Crossmen|https://www.perfumesclub.co.uk/en/crossmen/m/
Crusellas|https://www.perfumesclub.co.uk/en/crusellas/m/
Custo|https://www.perfumesclub.co.uk/en/custo/m/
Cutex|https://www.perfumesclub.co.uk/en/cutex/m/
Cygnetic|https://www.perfumesclub.co.uk/en/cygnetic/m/
Daily Comfort|https://www.perfumesclub.co.uk/en/daily-comfort/m/
David Beckham|https://www.perfumesclub.co.uk/en/david-victoria-beckham/m/
Davidoff|https://www.perfumesclub.co.uk/en/davidoff/m/
Decleor|https://www.perfumesclub.co.uk/en/decleor/m/
Delial|https://www.perfumesclub.co.uk/en/delial/m/
Demak Up|https://www.perfumesclub.co.uk/en/demak-up/m/
Denenes|https://www.perfumesclub.co.uk/en/denenes/m/
Denivit|https://www.perfumesclub.co.uk/en/denivit/m/
Deofeet|https://www.perfumesclub.co.uk/en/deofeet/m/
Dermalogica|https://www.perfumesclub.co.uk/en/dermalogica/m/
Dermatina|https://www.perfumesclub.co.uk/en/dermatina/m/
Desigual|https://www.perfumesclub.co.uk/en/desigual/m/
Devor-olor|https://www.perfumesclub.co.uk/en/devor-olor/m/
Devota & Lomba|https://www.perfumesclub.co.uk/en/devota--lomba/m/
Dexeus|https://www.perfumesclub.co.uk/en/dexeus/m/
Diadermine|https://www.perfumesclub.co.uk/en/diadermine/m/
Diesel|https://www.perfumesclub.co.uk/en/diesel/m/
Dior|https://www.perfumesclub.co.uk/en/dior/m/
Disney|https://www.perfumesclub.co.uk/en/disney/m/
Doctor Scholl|https://www.perfumesclub.co.uk/en/doctor-scholl/m/
Dodot|https://www.perfumesclub.co.uk/en/dodot/m/
Dolce & Gabbana|https://www.perfumesclub.co.uk/en/dolce-gabbana/m/
Dolores Promesas|https://www.perfumesclub.co.uk/en/dolores-promesas/m/
Don Algodon|https://www.perfumesclub.co.uk/en/don-algodon/m/
Donna Karan|https://www.perfumesclub.co.uk/en/donna-karan/m/
Dora Exploradora|https://www.perfumesclub.co.uk/en/dora-exploradora/m/
Dove|https://www.perfumesclub.co.uk/en/dove/m/
Dr. Hauschka|https://www.perfumesclub.co.uk/en/dr.-hauschka/m/
Dr. Rimpler|https://www.perfumesclub.co.uk/en/dr.-rimpler/m/
Dsquared2|https://www.perfumesclub.co.uk/en/dsquared2/m/
Dunhill|https://www.perfumesclub.co.uk/en/dunhill/m/
Eau Jeune|https://www.perfumesclub.co.uk/en/eau-jeune/m/
Ecran|https://www.perfumesclub.co.uk/en/ecran/m/
Ed Hardy|https://www.perfumesclub.co.uk/en/ed-hardy/m/
Edipa|https://www.perfumesclub.co.uk/en/edipa/m/
El Niño|https://www.perfumesclub.co.uk/en/el-nino/m/
Elie Saab|https://www.perfumesclub.co.uk/en/elie-saab/m/
Elizabeth Arden|https://www.perfumesclub.co.uk/en/elizabeth-arden/m/
Elvive|https://www.perfumesclub.co.uk/en/elvive/m/
Emanuel Ungaro|https://www.perfumesclub.co.uk/en/emanuel-ungaro/m/
Emporio Armani|https://www.perfumesclub.co.uk/en/emporio-armani/m/
Eos|https://www.perfumesclub.co.uk/en/eos/m/
Ermenegildo Zegna|https://www.perfumesclub.co.uk/en/ermenegildo-zegna/m/
Escada|https://www.perfumesclub.co.uk/en/escada/m/
Escentric Molecules|https://www.perfumesclub.co.uk/en/escentric-molecules/m/
Esponja|https://www.perfumesclub.co.uk/en/esponja/m/
Essence Of Argan|https://www.perfumesclub.co.uk/en/essence-of-argan/m/
Essie|https://www.perfumesclub.co.uk/en/essie/m/
Estee Lauder|https://www.perfumesclub.co.uk/en/estee-lauder/m/
Eucerin|https://www.perfumesclub.co.uk/en/eucerin/m/
Eudermin|https://www.perfumesclub.co.uk/en/eudermin/m/
Eugene-perma|https://www.perfumesclub.co.uk/en/eugene-perma/m/
Evax|https://www.perfumesclub.co.uk/en/evax/m/
Eve Lom|https://www.perfumesclub.co.uk/en/eve-lom/m/
Fa|https://www.perfumesclub.co.uk/en/fa/m/
Faberge|https://www.perfumesclub.co.uk/en/faberge/m/
Famos|https://www.perfumesclub.co.uk/en/famos/m/
Farmavita|https://www.perfumesclub.co.uk/en/farmavita/m/
Farouk|https://www.perfumesclub.co.uk/en/farouk/m/
Febreze|https://www.perfumesclub.co.uk/en/febreze/m/
Fendi|https://www.perfumesclub.co.uk/en/fendi/m/
Ferrari|https://www.perfumesclub.co.uk/en/ferrari/m/
Figs & Rouge|https://www.perfumesclub.co.uk/en/figs--rouge/m/
Fing'Rs|https://www.perfumesclub.co.uk/en/fingrs/m/
Fixonia|https://www.perfumesclub.co.uk/en/fixonia/m/
Fixpray|https://www.perfumesclub.co.uk/en/fixpray/m/
Flashmob|https://www.perfumesclub.co.uk/en/flashmob/m/
Fleur De Jour|https://www.perfumesclub.co.uk/en/fleur-de-jour/m/
Floïd|https://www.perfumesclub.co.uk/en/floid/m/
Flor D'Ametler|https://www.perfumesclub.co.uk/en/flor-de-almendro/m/
Foramen|https://www.perfumesclub.co.uk/en/foramen/m/
Foresan|https://www.perfumesclub.co.uk/en/foresan/m/
Francis|https://www.perfumesclub.co.uk/en/francis/m/
Franck Provost|https://www.perfumesclub.co.uk/en/franck-provost/m/
Fresh Aire|https://www.perfumesclub.co.uk/en/fresh-aire/m/
Fria|https://www.perfumesclub.co.uk/en/fria/m/
Frozen|https://www.perfumesclub.co.uk/en/frozen/m/
Ga.ma|https://www.perfumesclub.co.uk/en/ga.ma/m/
Gal|https://www.perfumesclub.co.uk/en/gal/m/
Garnier|https://www.perfumesclub.co.uk/en/garnier/m/
Garnier Olia|https://www.perfumesclub.co.uk/en/garnier-olia/m/
Geniol|https://www.perfumesclub.co.uk/en/geniol/m/
Genuin|https://www.perfumesclub.co.uk/en/genuin/m/
Geoffrey Beene|https://www.perfumesclub.co.uk/en/geoffrey-beene/m/
Gewürztraminer|https://www.perfumesclub.co.uk/en/gewurztraminer/m/
Ghd|https://www.perfumesclub.co.uk/en/ghd/m/
Gianfranco Ferre|https://www.perfumesclub.co.uk/en/gianfranco-ferre/m/
Gillette|https://www.perfumesclub.co.uk/en/gillette/m/
Giorgi|https://www.perfumesclub.co.uk/en/giorgi/m/
Giorgio|https://www.perfumesclub.co.uk/en/giorgio/m/
Givenchy|https://www.perfumesclub.co.uk/en/givenchy/m/
Globo|https://www.perfumesclub.co.uk/en/globo/m/
Gold Tree Barcelona|https://www.perfumesclub.co.uk/en/gold-tree-barcelona/m/
Gorjuss|https://www.perfumesclub.co.uk/en/gorjuss/m/
Grafic|https://www.perfumesclub.co.uk/en/grafic/m/
Grecian|https://www.perfumesclub.co.uk/en/grecian/m/
Gres|https://www.perfumesclub.co.uk/en/gres/m/
Gucci|https://www.perfumesclub.co.uk/en/gucci/m/
Guerlain|https://www.perfumesclub.co.uk/en/guerlain/m/
Guess|https://www.perfumesclub.co.uk/en/guess/m/
Guy Laroche|https://www.perfumesclub.co.uk/en/guy-laroche/m/
Hammame|https://www.perfumesclub.co.uk/en/hammame/m/
Hannibal Laguna|https://www.perfumesclub.co.uk/en/hannibal-laguna/m/
Hansaplast|https://www.perfumesclub.co.uk/en/hansaplast/m/
Head & Shoulders|https://www.perfumesclub.co.uk/en/head--shoulders/m/
Helena Rubinstein|https://www.perfumesclub.co.uk/en/helena-rubinstein/m/
Hello Kitty|https://www.perfumesclub.co.uk/en/hello-kitty/m/
Heno De Pravia|https://www.perfumesclub.co.uk/en/heno-de-pravia/m/
Herbal Essences|https://www.perfumesclub.co.uk/en/herbal/m/
Hermès|https://www.perfumesclub.co.uk/en/hermes/m/
Herra|https://www.perfumesclub.co.uk/en/herra/m/
Hollister|https://www.perfumesclub.co.uk/en/hollister/m/
Hugo Boss|https://www.perfumesclub.co.uk/en/hugo-boss/m/
I.c.o.n.|https://www.perfumesclub.co.uk/en/i.c.o.n./m/
Iceberg|https://www.perfumesclub.co.uk/en/iceberg/m/
Id Italian|https://www.perfumesclub.co.uk/en/id-italian/m/
Imperio Lusso|https://www.perfumesclub.co.uk/en/imperio-lusso/m/
Indasec|https://www.perfumesclub.co.uk/en/indasec/m/
Innoatek|https://www.perfumesclub.co.uk/en/innoatek/m/
Instituto Español|https://www.perfumesclub.co.uk/en/instituto-espanol/m/
Invisibobble|https://www.perfumesclub.co.uk/en/invisibobble/m/
Irene Rios|https://www.perfumesclub.co.uk/en/irene-rios/m/
Iroha|https://www.perfumesclub.co.uk/en/iroha/m/
Isabelle Lancray|https://www.perfumesclub.co.uk/en/isabelle-lancray/m/
Issey Miyake|https://www.perfumesclub.co.uk/en/issey-miyake/m/
Jacq's|https://www.perfumesclub.co.uk/en/jacqs/m/
Jacques Bogart|https://www.perfumesclub.co.uk/en/jacques-bogart/m/
Jaguar|https://www.perfumesclub.co.uk/en/jaguar/m/
James Bond 007|https://www.perfumesclub.co.uk/en/james-bond-007/m/
Jean Louis Scherrer|https://www.perfumesclub.co.uk/en/jean-louis-scherrer/m/
Jean Patou|https://www.perfumesclub.co.uk/en/jean-patou-304/m/
Jean Paul Gaultier|https://www.perfumesclub.co.uk/en/jean-paul-gaultier/m/
Jeanne Piaubert|https://www.perfumesclub.co.uk/en/jeanne-piaubert/m/
Jennifer Lopez|https://www.perfumesclub.co.uk/en/jennifer-lopez/m/
Jesus Del Pozo|https://www.perfumesclub.co.uk/en/jesus-del-pozo/m/
Jil Sander|https://www.perfumesclub.co.uk/en/jil-sander/m/
Jimmy Choo|https://www.perfumesclub.co.uk/en/jimmy-choo/m/
John Frieda|https://www.perfumesclub.co.uk/en/john-frieda/m/
John Richmond|https://www.perfumesclub.co.uk/en/john-richmond/m/
Johnson's|https://www.perfumesclub.co.uk/en/johnsons/m/
Joico|https://www.perfumesclub.co.uk/en/joico/m/
Joop|https://www.perfumesclub.co.uk/en/joop/m/
Jordan|https://www.perfumesclub.co.uk/en/jordan/m/
Jovan|https://www.perfumesclub.co.uk/en/jovan/m/
Juicy Couture|https://www.perfumesclub.co.uk/en/juicy-couture/m/
Juliette Has A Gun|https://www.perfumesclub.co.uk/en/juliette-has-a-gun/m/
Just For Men|https://www.perfumesclub.co.uk/en/just-for-men/m/
Justin Bieber|https://www.perfumesclub.co.uk/en/justin-bieber/m/
Juvena|https://www.perfumesclub.co.uk/en/juvena/m/
Kaloo|https://www.perfumesclub.co.uk/en/kaloo/m/
Kanebo|https://www.perfumesclub.co.uk/en/kanebo/m/
Karicia|https://www.perfumesclub.co.uk/en/karicia/m/
Kemphor|https://www.perfumesclub.co.uk/en/kemphor/m/
Kenzo|https://www.perfumesclub.co.uk/en/kenzo/m/
Kérastase|https://www.perfumesclub.co.uk/en/kerastase/m/
Kerzo|https://www.perfumesclub.co.uk/en/kerzo/m/
Kim Kardashian|https://www.perfumesclub.co.uk/en/kim-kardashian/m/
Kleenex|https://www.perfumesclub.co.uk/en/kleenex/m/
La Carmela|https://www.perfumesclub.co.uk/en/la-carmela/m/
La Mer|https://www.perfumesclub.co.uk/en/la-mer/m/
La Perla|https://www.perfumesclub.co.uk/en/la-perla/m/
La Prairie|https://www.perfumesclub.co.uk/en/la-prairie/m/
La Roche Posay|https://www.perfumesclub.co.uk/en/la-roche-posay/m/
La Toja|https://www.perfumesclub.co.uk/en/la-toja/m/
Lacoste|https://www.perfumesclub.co.uk/en/lacoste/m/
Lactacyd|https://www.perfumesclub.co.uk/en/lactacyd/m/
Lactovit|https://www.perfumesclub.co.uk/en/lactovit/m/
Lady Gaga|https://www.perfumesclub.co.uk/en/lady-gaga/m/
Lagerfeld|https://www.perfumesclub.co.uk/en/lagerfeld/m/
Lalique|https://www.perfumesclub.co.uk/en/lalique-1252/m/
Lancaster|https://www.perfumesclub.co.uk/en/lancaster/m/
Lancôme|https://www.perfumesclub.co.uk/en/lancome/m/
Lanvin|https://www.perfumesclub.co.uk/en/lanvin/m/
L'Artisan Parfumeur|https://www.perfumesclub.co.uk/en/lartisan-parfumeur/m/
Laura Biagiotti|https://www.perfumesclub.co.uk/en/laura-biagiotti/m/
Laurendor|https://www.perfumesclub.co.uk/en/laurendor/m/
Le Petit Marseillais|https://www.perfumesclub.co.uk/en/le-petit-marseillais/m/
Lea|https://www.perfumesclub.co.uk/en/lea/m/
Legrain|https://www.perfumesclub.co.uk/en/legrain/m/
Licor Del Polo|https://www.perfumesclub.co.uk/en/licor-del-polo/m/
Lida|https://www.perfumesclub.co.uk/en/lida/m/
Lip Smacker|https://www.perfumesclub.co.uk/en/lip-smacker/m/
Liposan|https://www.perfumesclub.co.uk/en/liposan/m/
Liquid Latex|https://www.perfumesclub.co.uk/en/liquid-latex/m/
Listerine|https://www.perfumesclub.co.uk/en/listerine/m/
Liu·jo|https://www.perfumesclub.co.uk/en/liujo/m/
Living Proof|https://www.perfumesclub.co.uk/en/living-proof/m/
Llongueras|https://www.perfumesclub.co.uk/en/llongueras/m/
L'Occitane|https://www.perfumesclub.co.uk/en/loccitane/m/
Loewe|https://www.perfumesclub.co.uk/en/loewe/m/
Lolita Lempicka|https://www.perfumesclub.co.uk/en/lolita-lempicka/m/
L'Oréal|https://www.perfumesclub.co.uk/en/loreal-make-up/m/
L'Oreal Colorista|https://www.perfumesclub.co.uk/en/loreal-colorista/m/
L'Oréal Expert Professionnel|https://www.perfumesclub.co.uk/en/loreal-expert-professionnel/m/
L'Oréal Paris By Casting|https://www.perfumesclub.co.uk/en/casting/m/
Lux|https://www.perfumesclub.co.uk/en/lux/m/
Luxana|https://www.perfumesclub.co.uk/en/luxana/m/
Luxina|https://www.perfumesclub.co.uk/en/luxina/m/
Mac|https://www.perfumesclub.co.uk/en/mac/m/
Macadamia|https://www.perfumesclub.co.uk/en/macadamia/m/
Maderas|https://www.perfumesclub.co.uk/en/maderas/m/
Madonna|https://www.perfumesclub.co.uk/en/madonna/m/
Magnifibres|https://www.perfumesclub.co.uk/en/magnifibres/m/
Magno|https://www.perfumesclub.co.uk/en/magno/m/
Maja|https://www.perfumesclub.co.uk/en/maja/m/
Mancave|https://www.perfumesclub.co.uk/en/mancave/m/
Mandarina Duck|https://www.perfumesclub.co.uk/en/mandarina-duck/m/
Mango|https://www.perfumesclub.co.uk/en/mango/m/
Marc Jacobs|https://www.perfumesclub.co.uk/en/marc-jacobs/m/
Marc Marquez|https://www.perfumesclub.co.uk/en/marc-marquez/m/
Marlies Möller|https://www.perfumesclub.co.uk/en/marlies-moller/m/
Marvel|https://www.perfumesclub.co.uk/en/marvel/m/
Marvis|https://www.perfumesclub.co.uk/en/marvis/m/
Massimo Dutti|https://www.perfumesclub.co.uk/en/massimo-dutti/m/
Matrix|https://www.perfumesclub.co.uk/en/matrix/m/
Mavala|https://www.perfumesclub.co.uk/en/mavala/m/
Max Factor|https://www.perfumesclub.co.uk/en/max-factor/m/
Maybelline|https://www.perfumesclub.co.uk/en/maybelline/m/
Mayfer|https://www.perfumesclub.co.uk/en/mayfer/m/
Mayordomo|https://www.perfumesclub.co.uk/en/mayordomo/m/
Mercedes-benz|https://www.perfumesclub.co.uk/en/mercedes-benz/m/
Metilina Valet|https://www.perfumesclub.co.uk/en/metilina-valet/m/
Mexx|https://www.perfumesclub.co.uk/en/mexx/m/
Michael Kors|https://www.perfumesclub.co.uk/en/michael-kors/m/
Miniaturas|https://www.perfumesclub.co.uk/en/miniaturas/m/
Minnie Mouse|https://www.perfumesclub.co.uk/en/minnie-mouse/m/
Missoni|https://www.perfumesclub.co.uk/en/missoni/m/
Miu Miu|https://www.perfumesclub.co.uk/en/miu-miu/m/
Mizani|https://www.perfumesclub.co.uk/en/mizani/m/
Monster High|https://www.perfumesclub.co.uk/en/monster-high/m/
Montana|https://www.perfumesclub.co.uk/en/montana/m/
Montblanc|https://www.perfumesclub.co.uk/en/montblanc/m/
Moroccanoil|https://www.perfumesclub.co.uk/en/moroccanoil/m/
Moschino|https://www.perfumesclub.co.uk/en/moschino/m/
Moser|https://www.perfumesclub.co.uk/en/mosser/m/
Moussel|https://www.perfumesclub.co.uk/en/moussel/m/
Mum|https://www.perfumesclub.co.uk/en/mum/m/
My Day|https://www.perfumesclub.co.uk/en/my-day/m/
Naf Naf|https://www.perfumesclub.co.uk/en/naf-naf-431/m/
Narciso Rodriguez|https://www.perfumesclub.co.uk/en/narciso-rodriguez/m/
Nars|https://www.perfumesclub.co.uk/en/nars/m/
Nasomatto|https://www.perfumesclub.co.uk/en/nasomatto/m/
Natura Bissé|https://www.perfumesclub.co.uk/en/natura-bisse/m/
Natural Honey|https://www.perfumesclub.co.uk/en/natural-honey/m/
Naturaleza Y Vida|https://www.perfumesclub.co.uk/en/naturaleza-y-vida/m/
Naturalium|https://www.perfumesclub.co.uk/en/naturalium/m/
Naturtint|https://www.perfumesclub.co.uk/en/naturtint/m/
Nelia|https://www.perfumesclub.co.uk/en/nelia/m/
Nenuco|https://www.perfumesclub.co.uk/en/nenuco/m/
Nesti Dante|https://www.perfumesclub.co.uk/en/nesti-dante/m/
Neutrogena|https://www.perfumesclub.co.uk/en/neutrogena/m/
Nike|https://www.perfumesclub.co.uk/en/nike/m/
Nikos|https://www.perfumesclub.co.uk/en/nikos/m/
Nina Ricci|https://www.perfumesclub.co.uk/en/nina-ricci/m/
Nioxin|https://www.perfumesclub.co.uk/en/nioxin/m/
Nivea|https://www.perfumesclub.co.uk/en/nivea/m/
Noxzema|https://www.perfumesclub.co.uk/en/noxzema/m/
Nuxe|https://www.perfumesclub.co.uk/en/nuxe/m/
Oakley|https://www.perfumesclub.co.uk/en/oakley/m/
Ob|https://www.perfumesclub.co.uk/en/ob/m/
Oilily|https://www.perfumesclub.co.uk/en/oilily/m/
Olaplex|https://www.perfumesclub.co.uk/en/olaplex/m/
Olay|https://www.perfumesclub.co.uk/en/olay/m/
Old Spice|https://www.perfumesclub.co.uk/en/old-spice/m/
Olivia Garden|https://www.perfumesclub.co.uk/en/olivia-garden/m/
One Direction|https://www.perfumesclub.co.uk/en/one-direction/m/
Opi|https://www.perfumesclub.co.uk/en/opi/m/
Oral-b|https://www.perfumesclub.co.uk/en/oralb/m/
Orlane|https://www.perfumesclub.co.uk/en/orlane/m/
Orofluido|https://www.perfumesclub.co.uk/en/orofluido/m/
Oscar De La Renta|https://www.perfumesclub.co.uk/en/oscar-de-la-renta/m/
Pacha|https://www.perfumesclub.co.uk/en/pacha/m/
Paco Rabanne|https://www.perfumesclub.co.uk/en/paco-rabanne/m/
Paese|https://www.perfumesclub.co.uk/en/paese/m/
Palmaria|https://www.perfumesclub.co.uk/en/palmaria/m/
Palmolive|https://www.perfumesclub.co.uk/en/palmolive/m/
Paloma Picasso|https://www.perfumesclub.co.uk/en/paloma-picasso/m/
Paltons|https://www.perfumesclub.co.uk/en/paltons/m/
Pantene|https://www.perfumesclub.co.uk/en/pantene/m/
Parlux|https://www.perfumesclub.co.uk/en/parlux/m/
Parodontax|https://www.perfumesclub.co.uk/en/parodontax/m/
Paul Mitchell|https://www.perfumesclub.co.uk/en/paul-mitchell/m/
Paul Smith|https://www.perfumesclub.co.uk/en/paul-smith/m/
Paula Echevarria|https://www.perfumesclub.co.uk/en/paula-echevarria/m/
Penhaligon's|https://www.perfumesclub.co.uk/en/penhaligons/m/
Perfumesclub|https://www.perfumesclub.co.uk/en/perfumesclub/m/
Philip B|https://www.perfumesclub.co.uk/en/philip-b/m/
Philips|https://www.perfumesclub.co.uk/en/philips/m/
Pino Silvestre|https://www.perfumesclub.co.uk/en/pino-silvestre-1250/m/
Piz Buin|https://www.perfumesclub.co.uk/en/piz-buin/m/
Playboy|https://www.perfumesclub.co.uk/en/playboy/m/
Pod|https://www.perfumesclub.co.uk/en/pod/m/
Police|https://www.perfumesclub.co.uk/en/police-489/m/
Polident|https://www.perfumesclub.co.uk/en/polident/m/
Poly Swing|https://www.perfumesclub.co.uk/en/poly-swing/m/
Pond's|https://www.perfumesclub.co.uk/en/ponds/m/
Pop|https://www.perfumesclub.co.uk/en/pop/m/
Porsche Design|https://www.perfumesclub.co.uk/en/porsche-design/m/
Posseidon|https://www.perfumesclub.co.uk/en/posseidon/m/
Postquam|https://www.perfumesclub.co.uk/en/postquam/m/
Prada|https://www.perfumesclub.co.uk/en/prada/m/
Pranarôm|https://www.perfumesclub.co.uk/en/pranarom/m/
Pressit|https://www.perfumesclub.co.uk/en/pressit/m/
Pro Metallics|https://www.perfumesclub.co.uk/en/pro-metallics/m/
Puig|https://www.perfumesclub.co.uk/en/puig/m/
Pureology|https://www.perfumesclub.co.uk/en/pureology/m/
Push & Fresh|https://www.perfumesclub.co.uk/en/push--fresh/m/
Quorum|https://www.perfumesclub.co.uk/en/quorum/m/
Ralph Lauren|https://www.perfumesclub.co.uk/en/ralph-lauren/m/
Ray-ban|https://www.perfumesclub.co.uk/en/rayban/m/
Redken|https://www.perfumesclub.co.uk/en/redken/m/
Rene Furterer|https://www.perfumesclub.co.uk/en/rene-furterer/m/
Repetto|https://www.perfumesclub.co.uk/en/repetto/m/
Revitalash|https://www.perfumesclub.co.uk/en/revitalash/m/
Revlon|https://www.perfumesclub.co.uk/en/revlon/m/
Revlon Make Up|https://www.perfumesclub.co.uk/en/revlon-939/m/
Rexona|https://www.perfumesclub.co.uk/en/rexona/m/
Rituals|https://www.perfumesclub.co.uk/en/rituals/m/
Roberto Cavalli|https://www.perfumesclub.co.uk/en/roberto-cavalli/m/
Roberto Torretta|https://www.perfumesclub.co.uk/en/roberto-torretta/m/
Roc|https://www.perfumesclub.co.uk/en/roc/m/
Rochas|https://www.perfumesclub.co.uk/en/rochas/m/
Roger & Gallet|https://www.perfumesclub.co.uk/en/roger-gallet/m/
Royale Ambree|https://www.perfumesclub.co.uk/en/royale-ambree/m/
Ryelliss|https://www.perfumesclub.co.uk/en/ryelliss/m/
S3|https://www.perfumesclub.co.uk/en/s3/m/
Sabien|https://www.perfumesclub.co.uk/en/sabien/m/
Salerm|https://www.perfumesclub.co.uk/en/salerm/m/
Salon Hits|https://www.perfumesclub.co.uk/en/betty-boop/m/
Salvador Dali|https://www.perfumesclub.co.uk/en/salvador-dali/m/
Salvatore Ferragamo|https://www.perfumesclub.co.uk/en/salvatore-ferragamo/m/
Sanex|https://www.perfumesclub.co.uk/en/sanex/m/
Sarah Jessica Parker|https://www.perfumesclub.co.uk/en/sarah-jessica-parker/m/
Schwarzkopf|https://www.perfumesclub.co.uk/en/schwarzkopf/m/
Scotch-brite|https://www.perfumesclub.co.uk/en/scotch-brite/m/
Scottex|https://www.perfumesclub.co.uk/en/scottex/m/
Seanergy|https://www.perfumesclub.co.uk/en/seanergy/m/
Sebastian|https://www.perfumesclub.co.uk/en/sebastian/m/
Seche|https://www.perfumesclub.co.uk/en/seche/m/
Seibella Queratina|https://www.perfumesclub.co.uk/en/seibella-queratina/m/
Sensodyne|https://www.perfumesclub.co.uk/en/sensodyne/m/
Serge Lutens|https://www.perfumesclub.co.uk/en/serge-lutens/m/
Shakira|https://www.perfumesclub.co.uk/en/shakira/m/
Shiseido|https://www.perfumesclub.co.uk/en/shiseido/m/
Shock Waves|https://www.perfumesclub.co.uk/en/shock-waves/m/
Shu Uemura|https://www.perfumesclub.co.uk/en/shu-uemura/m/
Shunga|https://www.perfumesclub.co.uk/en/shunga/m/
Sibel|https://www.perfumesclub.co.uk/en/sibel/m/
Signal|https://www.perfumesclub.co.uk/en/signal/m/
Singers|https://www.perfumesclub.co.uk/en/singers/m/
Sisley|https://www.perfumesclub.co.uk/en/sisley/m/
Skeyndor|https://www.perfumesclub.co.uk/en/skeyndor/m/
S'Nonas|https://www.perfumesclub.co.uk/en/snonas/m/
Soraya|https://www.perfumesclub.co.uk/en/soraya/m/
Soy Luna|https://www.perfumesclub.co.uk/en/soy-luna/m/
Sporting Brands|https://www.perfumesclub.co.uk/en/sporting-brands/m/
Springfield|https://www.perfumesclub.co.uk/en/springfield/m/
St. Moriz|https://www.perfumesclub.co.uk/en/st.-moriz/m/
St.tropez|https://www.perfumesclub.co.uk/en/st.tropez/m/
Star Wars|https://www.perfumesclub.co.uk/en/star-wars/m/
Stendhal|https://www.perfumesclub.co.uk/en/stendhal/m/
Studio Line|https://www.perfumesclub.co.uk/en/studio-line/m/
Suavipiel|https://www.perfumesclub.co.uk/en/suavipiel/m/
Suiskin|https://www.perfumesclub.co.uk/en/suiskin/m/
Sunsilk|https://www.perfumesclub.co.uk/en/sunsilk/m/
Tabac|https://www.perfumesclub.co.uk/en/tabac/m/
Taky|https://www.perfumesclub.co.uk/en/taky/m/
Talika|https://www.perfumesclub.co.uk/en/talika/m/
Tampax|https://www.perfumesclub.co.uk/en/tampax/m/
Tangle Teezer|https://www.perfumesclub.co.uk/en/tangle-teezer/m/
Tartine Et Chocolat|https://www.perfumesclub.co.uk/en/tartine-et-chocolat/m/
Taylor Swift|https://www.perfumesclub.co.uk/en/taylor-swift/m/
Ted Lapidus|https://www.perfumesclub.co.uk/en/ted-lapidus/m/
The Bluebeards Revenge|https://www.perfumesclub.co.uk/en/the-bluebeards-revenge/m/
The Color Institute|https://www.perfumesclub.co.uk/en/the-color-institute/m/
The Color Workshop|https://www.perfumesclub.co.uk/en/the-color-workshop/m/
The Cosmetic Republic|https://www.perfumesclub.co.uk/en/the-cosmetic-republic/m/
The Macho Beard Company|https://www.perfumesclub.co.uk/en/the-macho-beard-company/m/
Thierry Mugler|https://www.perfumesclub.co.uk/en/thierry-mugler/m/
Think Cosmetic|https://www.perfumesclub.co.uk/en/think-cosmetic/m/
Tigi|https://www.perfumesclub.co.uk/en/tigi/m/
Timotei|https://www.perfumesclub.co.uk/en/timotei/m/
Tom Ford|https://www.perfumesclub.co.uk/en/tom-ford/m/
Tommy Hilfiger|https://www.perfumesclub.co.uk/en/tommy-hilfiger/m/
Tot Herba|https://www.perfumesclub.co.uk/en/tot-herba/m/
Tous|https://www.perfumesclub.co.uk/en/tous/m/
Tragoncete|https://www.perfumesclub.co.uk/en/tragoncete/m/
Travalo|https://www.perfumesclub.co.uk/en/travalo/m/
Tresemme|https://www.perfumesclub.co.uk/en/tresemme/m/
Trussardi|https://www.perfumesclub.co.uk/en/trussardi/m/
Tulipán Negro|https://www.perfumesclub.co.uk/en/tulipan-negro/m/
Ulric De Varens|https://www.perfumesclub.co.uk/en/urlic-de-varens/m/
Vademecum|https://www.perfumesclub.co.uk/en/vademecum/m/
Vaginesil|https://www.perfumesclub.co.uk/en/vaginesil/m/
Valentino|https://www.perfumesclub.co.uk/en/valentino/m/
Valmont|https://www.perfumesclub.co.uk/en/valmont/m/
Van Cleef|https://www.perfumesclub.co.uk/en/van-cleef/m/
Vanderbilt|https://www.perfumesclub.co.uk/en/vanderbilt/m/
Varon Dandy|https://www.perfumesclub.co.uk/en/varon-dandy/m/
Vasenol|https://www.perfumesclub.co.uk/en/vasenol/m/
Veet|https://www.perfumesclub.co.uk/en/veet/m/
Verdimill|https://www.perfumesclub.co.uk/en/verdimill/m/
Verino|https://www.perfumesclub.co.uk/en/verino/m/
Versace|https://www.perfumesclub.co.uk/en/versace/m/
Vespa|https://www.perfumesclub.co.uk/en/vespa/m/
Vichy|https://www.perfumesclub.co.uk/en/vichy/m/
Victor|https://www.perfumesclub.co.uk/en/victor-1026/m/
Victoria's Secret|https://www.perfumesclub.co.uk/en/victorias-secret/m/
Victorio & Lucchino|https://www.perfumesclub.co.uk/en/victorio-lucchino/m/
Vida|https://www.perfumesclub.co.uk/en/vida/m/
Viktor & Rolf|https://www.perfumesclub.co.uk/en/viktor-rolf/m/
Vitesse|https://www.perfumesclub.co.uk/en/vitesse/m/
Vogue|https://www.perfumesclub.co.uk/en/vogue-2038/m/
Voland Nature|https://www.perfumesclub.co.uk/en/voland-nature/m/
Vous|https://www.perfumesclub.co.uk/en/vous/m/
Wahl|https://www.perfumesclub.co.uk/en/wahl/m/
Wash&go|https://www.perfumesclub.co.uk/en/washgo/m/
Wella|https://www.perfumesclub.co.uk/en/wella/m/
Williams|https://www.perfumesclub.co.uk/en/williams/m/
Women'Secret|https://www.perfumesclub.co.uk/en/womensecret/m/
Yves Saint Laurent|https://www.perfumesclub.co.uk/en/yves-saint-laurent/m/
Zadig & Voltaire|https://www.perfumesclub.co.uk/en/zadig--voltaire/m/
Zinnia|https://www.perfumesclub.co.uk/en/zinnia/m/
Zippo Fragrances|https://www.perfumesclub.co.uk/en/zippo-fragrances/m/
Zz Cupex|https://www.perfumesclub.co.uk/en/zz-cupex/m/
3 Claveles|https://www.perfumesclub.co.uk/en/3-claveles/m/
4711|https://www.perfumesclub.co.uk/en/4711/m/